"market","product","sugar","fiber","price","share","share0"
1,"Crispy Flakes",3,3,3.62,0.0963785843490423,0.15777223692887
1,"Honey Crunch",12,1,3.97,0.198181379768998,0.15777223692887
1,"Fiber Bran",4,9,4.95,0.102949551460192,0.15777223692887
1,"Choco Puffs",15,2,3.77,0.444718247492898,0.15777223692887
2,"Crispy Flakes",3,3,3.08,0.112170924660899,0.134369971904498
2,"Honey Crunch",12,1,3.92,0.185795111773547,0.134369971904498
2,"Fiber Bran",4,9,4.46,0.123017422083523,0.134369971904498
2,"Choco Puffs",15,2,3.99,0.444646569577533,0.134369971904498
3,"Crispy Flakes",3,3,3.41,0.0889300182196983,0.171347053986056
3,"Honey Crunch",12,1,3.47,0.19228521299826,0.171347053986056
3,"Fiber Bran",4,9,4.45,0.0898598378005266,0.171347053986056
3,"Choco Puffs",15,2,4.16,0.457577876995459,0.171347053986056
4,"Crispy Flakes",3,3,3.64,0.119667334244568,0.182299026548932
4,"Honey Crunch",12,1,3.81,0.24910571316061,0.182299026548932
4,"Fiber Bran",4,9,4.64,0.123027009369427,0.182299026548932
4,"Choco Puffs",15,2,4.01,0.325900916676463,0.182299026548932
5,"Crispy Flakes",3,3,3.26,0.110682998000668,0.165218630863958
5,"Honey Crunch",12,1,3.74,0.225436739979591,0.165218630863958
5,"Fiber Bran",4,9,3.78,0.17639359243408,0.165218630863958
5,"Choco Puffs",15,2,3.81,0.322268038721704,0.165218630863958
6,"Crispy Flakes",3,3,3.09,0.111816128100406,0.17622512437919
6,"Honey Crunch",12,1,4.13,0.213933567710423,0.17622512437919
6,"Fiber Bran",4,9,4.26,0.161233554028677,0.17622512437919
6,"Choco Puffs",15,2,4.23,0.336791625781305,0.17622512437919
7,"Crispy Flakes",3,3,3.97,0.070651158897757,0.174436145294292
7,"Honey Crunch",12,1,4.19,0.240509120271251,0.174436145294292
7,"Fiber Bran",4,9,4.53,0.134165787760678,0.174436145294292
7,"Choco Puffs",15,2,3.88,0.380237787776023,0.174436145294292
8,"Crispy Flakes",3,3,3.39,0.107501667357252,0.177957521438857
8,"Honey Crunch",12,1,4.06,0.238124142163916,0.177957521438857
8,"Fiber Bran",4,9,4.67,0.078473620086185,0.177957521438857
8,"Choco Puffs",15,2,4.22,0.397943048953791,0.177957521438857
9,"Crispy Flakes",3,3,3.78,0.061625453312622,0.147032878559174
9,"Honey Crunch",12,1,4.22,0.22130287551192,0.147032878559174
9,"Fiber Bran",4,9,4.19,0.129827638888479,0.147032878559174
9,"Choco Puffs",15,2,3.77,0.440211153727805,0.147032878559174
10,"Crispy Flakes",3,3,3.73,0.0798788166968248,0.152805278175341
10,"Honey Crunch",12,1,4.14,0.169098909134845,0.152805278175341
10,"Fiber Bran",4,9,4.23,0.116051406528813,0.152805278175341
10,"Choco Puffs",15,2,3.47,0.482165589464177,0.152805278175341
11,"Crispy Flakes",3,3,3.14,0.118592433927086,0.156877801949218
11,"Honey Crunch",12,1,4.18,0.204530223885266,0.156877801949218
11,"Fiber Bran",4,9,4.43,0.120878992911387,0.156877801949218
11,"Choco Puffs",15,2,3.75,0.399120547327042,0.156877801949218
12,"Crispy Flakes",3,3,3.7,0.0853540149406086,0.15367613477728
12,"Honey Crunch",12,1,4.42,0.198577624448755,0.15367613477728
12,"Fiber Bran",4,9,4.17,0.160285963038066,0.15367613477728
12,"Choco Puffs",15,2,3.54,0.40210626279529,0.15367613477728
13,"Crispy Flakes",3,3,3.86,0.0703308829693459,0.184396374912353
13,"Honey Crunch",12,1,4.31,0.176414338047343,0.184396374912353
13,"Fiber Bran",4,9,4.2,0.155939805828006,0.184396374912353
13,"Choco Puffs",15,2,4.35,0.412918598242952,0.184396374912353
14,"Crispy Flakes",3,3,3.56,0.0773872289061268,0.167573312357067
14,"Honey Crunch",12,1,4.04,0.226546154803589,0.167573312357067
14,"Fiber Bran",4,9,4.49,0.116873676682989,0.167573312357067
14,"Choco Puffs",15,2,3.83,0.411619627250228,0.167573312357067
15,"Crispy Flakes",3,3,3.35,0.0946208108586914,0.183309264103455
15,"Honey Crunch",12,1,4.81,0.165888388632388,0.183309264103455
15,"Fiber Bran",4,9,4.09,0.124644262494682,0.183309264103455
15,"Choco Puffs",15,2,3.84,0.431537273910784,0.183309264103455
16,"Crispy Flakes",3,3,3.5,0.0678353144638457,0.162537373813527
16,"Honey Crunch",12,1,3.87,0.185255077476338,0.162537373813527
16,"Fiber Bran",4,9,4.32,0.132059676976514,0.162537373813527
16,"Choco Puffs",15,2,3.19,0.452312557269775,0.162537373813527
17,"Crispy Flakes",3,3,3.5,0.0722835232494499,0.166386924676798
17,"Honey Crunch",12,1,4.34,0.201642566366024,0.166386924676798
17,"Fiber Bran",4,9,4.93,0.112919632362138,0.166386924676798
17,"Choco Puffs",15,2,3.47,0.446767353345589,0.166386924676798
18,"Crispy Flakes",3,3,3.47,0.0789055104695909,0.152248815234438
18,"Honey Crunch",12,1,3.73,0.273762890097156,0.152248815234438
18,"Fiber Bran",4,9,4.37,0.110876699473957,0.152248815234438
18,"Choco Puffs",15,2,3.79,0.384206084724858,0.152248815234438
19,"Crispy Flakes",3,3,3.71,0.0662083785603928,0.146717776816741
19,"Honey Crunch",12,1,3.68,0.265677447319754,0.146717776816741
19,"Fiber Bran",4,9,4.49,0.1016205467618,0.146717776816741
19,"Choco Puffs",15,2,3.33,0.419775850541313,0.146717776816741
20,"Crispy Flakes",3,3,3.5,0.111392209832087,0.178939993700577
20,"Honey Crunch",12,1,3.76,0.255197441273708,0.178939993700577
20,"Fiber Bran",4,9,4.34,0.131748236193805,0.178939993700577
20,"Choco Puffs",15,2,4.19,0.322722118999823,0.178939993700577
21,"Crispy Flakes",3,3,3.68,0.0850544297618331,0.179544288123366
21,"Honey Crunch",12,1,4.43,0.173775444873396,0.179544288123366
21,"Fiber Bran",4,9,4.2,0.153549968492169,0.179544288123366
21,"Choco Puffs",15,2,3.94,0.408075868749236,0.179544288123366
22,"Crispy Flakes",3,3,2.98,0.100547442114913,0.154236673685842
22,"Honey Crunch",12,1,4.51,0.194433077942749,0.154236673685842
22,"Fiber Bran",4,9,4.76,0.099509009373423,0.154236673685842
22,"Choco Puffs",15,2,3.75,0.451273796883073,0.154236673685842
23,"Crispy Flakes",3,3,3.55,0.06639128805626,0.160949656021561
23,"Honey Crunch",12,1,3.82,0.256630165060193,0.160949656021561
23,"Fiber Bran",4,9,4.61,0.12264743928102,0.160949656021561
23,"Choco Puffs",15,2,3.89,0.393381451580966,0.160949656021561
24,"Crispy Flakes",3,3,3.25,0.0843111048900846,0.152329464051402
24,"Honey Crunch",12,1,3.52,0.203763658001403,0.152329464051402
24,"Fiber Bran",4,9,4.56,0.122310512406528,0.152329464051402
24,"Choco Puffs",15,2,3.7,0.437285260650582,0.152329464051402
25,"Crispy Flakes",3,3,3.62,0.086011149804838,0.166507136406869
25,"Honey Crunch",12,1,4.18,0.172527957460774,0.166507136406869
25,"Fiber Bran",4,9,5.04,0.0859130028611872,0.166507136406869
25,"Choco Puffs",15,2,3.84,0.489040753466331,0.166507136406869
26,"Crispy Flakes",3,3,3.09,0.0572773689492968,0.125564752579486
26,"Honey Crunch",12,1,3.65,0.204586491995539,0.125564752579486
26,"Fiber Bran",4,9,4.29,0.120689232916805,0.125564752579486
26,"Choco Puffs",15,2,3.48,0.491882153558873,0.125564752579486
27,"Crispy Flakes",3,3,3.53,0.0687712839914062,0.147021789226097
27,"Honey Crunch",12,1,3.97,0.194974168143832,0.147021789226097
27,"Fiber Bran",4,9,4.65,0.0857060259172431,0.147021789226097
27,"Choco Puffs",15,2,3.81,0.503526732721422,0.147021789226097
28,"Crispy Flakes",3,3,3.62,0.0765229970296267,0.156598415100634
28,"Honey Crunch",12,1,3.89,0.275168688181637,0.156598415100634
28,"Fiber Bran",4,9,4.34,0.119551311303858,0.156598415100634
28,"Choco Puffs",15,2,3.48,0.372158588384244,0.156598415100634
29,"Crispy Flakes",3,3,3.3,0.104865733943251,0.174060947514191
29,"Honey Crunch",12,1,4.38,0.197013919440408,0.174060947514191
29,"Fiber Bran",4,9,4.42,0.143935792693018,0.174060947514191
29,"Choco Puffs",15,2,4.08,0.380123606409133,0.174060947514191
30,"Crispy Flakes",3,3,3.9,0.0617985942974581,0.166661169159068
30,"Honey Crunch",12,1,3.99,0.210350917933102,0.166661169159068
30,"Fiber Bran",4,9,4.57,0.115152002072003,0.166661169159068
30,"Choco Puffs",15,2,3.52,0.446037316538368,0.166661169159068
31,"Crispy Flakes",3,3,3.09,0.0832158632865252,0.15067785385956
31,"Honey Crunch",12,1,4.61,0.18472333010464,0.15067785385956
31,"Fiber Bran",4,9,4.81,0.11932986699721,0.15067785385956
31,"Choco Puffs",15,2,3.79,0.462053085752065,0.15067785385956
32,"Crispy Flakes",3,3,3.14,0.107375724752573,0.160288202481169
32,"Honey Crunch",12,1,4.06,0.182812931215301,0.160288202481169
32,"Fiber Bran",4,9,4.89,0.0862133739805534,0.160288202481169
32,"Choco Puffs",15,2,3.49,0.463309767570404,0.160288202481169
33,"Crispy Flakes",3,3,3.76,0.0675894389562892,0.160605091647809
33,"Honey Crunch",12,1,4.29,0.194335820131485,0.160605091647809
33,"Fiber Bran",4,9,4.62,0.0975385307524072,0.160605091647809
33,"Choco Puffs",15,2,3.24,0.47993111851201,0.160605091647809
34,"Crispy Flakes",3,3,2.69,0.109832700647723,0.153402661421924
34,"Honey Crunch",12,1,4.02,0.241161352962588,0.153402661421924
34,"Fiber Bran",4,9,4.67,0.119844526500247,0.153402661421924
34,"Choco Puffs",15,2,3.81,0.375758758467518,0.153402661421924
35,"Crispy Flakes",3,3,3.64,0.0784690044393828,0.155328002448561
35,"Honey Crunch",12,1,3.63,0.259665500003721,0.155328002448561
35,"Fiber Bran",4,9,4.91,0.0918601682689806,0.155328002448561
35,"Choco Puffs",15,2,4.16,0.414677324839355,0.155328002448561
36,"Crispy Flakes",3,3,3.51,0.0951099307032289,0.161849830686016
36,"Honey Crunch",12,1,4.1,0.163287597429623,0.161849830686016
36,"Fiber Bran",4,9,5.24,0.0819510204198834,0.161849830686016
36,"Choco Puffs",15,2,3.55,0.497801620761248,0.161849830686016
37,"Crispy Flakes",3,3,3.26,0.0693341910428778,0.165410789321498
37,"Honey Crunch",12,1,4.66,0.178402038272741,0.165410789321498
37,"Fiber Bran",4,9,4.46,0.112183643494438,0.165410789321498
37,"Choco Puffs",15,2,3.66,0.474669337868445,0.165410789321498
38,"Crispy Flakes",3,3,3.5,0.0929957726876763,0.182534421962926
38,"Honey Crunch",12,1,4.23,0.255978694436116,0.182534421962926
38,"Fiber Bran",4,9,4.51,0.136573226952067,0.182534421962926
38,"Choco Puffs",15,2,4.02,0.331917883961216,0.182534421962926
39,"Crispy Flakes",3,3,3.13,0.0851910680144637,0.143638543175568
39,"Honey Crunch",12,1,3.99,0.192989431779975,0.143638543175568
39,"Fiber Bran",4,9,4.48,0.115373063557325,0.143638543175568
39,"Choco Puffs",15,2,3.57,0.462807893472669,0.143638543175568
40,"Crispy Flakes",3,3,3.26,0.0856595934061267,0.174399490944573
40,"Honey Crunch",12,1,4.05,0.210004475236599,0.174399490944573
40,"Fiber Bran",4,9,4.13,0.163657439345046,0.174399490944573
40,"Choco Puffs",15,2,4.11,0.366279001067655,0.174399490944573
41,"Crispy Flakes",3,3,4.04,0.0640549811001819,0.163949253781233
41,"Honey Crunch",12,1,3.75,0.251379972319748,0.163949253781233
41,"Fiber Bran",4,9,4.84,0.10667122571038,0.163949253781233
41,"Choco Puffs",15,2,3.81,0.413944567088458,0.163949253781233
42,"Crispy Flakes",3,3,3.27,0.0848962678645917,0.168016323056122
42,"Honey Crunch",12,1,4.05,0.220393568445132,0.168016323056122
42,"Fiber Bran",4,9,4.8,0.123648797311111,0.168016323056122
42,"Choco Puffs",15,2,3.78,0.403045043323043,0.168016323056122
43,"Crispy Flakes",3,3,3.49,0.0730230370501861,0.171787406331636
43,"Honey Crunch",12,1,4.2,0.175879050977858,0.171787406331636
43,"Fiber Bran",4,9,4.37,0.119480412821169,0.171787406331636
43,"Choco Puffs",15,2,3.47,0.459830092819151,0.171787406331636
44,"Crispy Flakes",3,3,3.53,0.0984821382715561,0.174040422564927
44,"Honey Crunch",12,1,4.41,0.208138287775292,0.174040422564927
44,"Fiber Bran",4,9,4.72,0.140609815738157,0.174040422564927
44,"Choco Puffs",15,2,3.55,0.378729335650068,0.174040422564927
45,"Crispy Flakes",3,3,3.41,0.0855569677495424,0.14180965960471
45,"Honey Crunch",12,1,4.25,0.152059389543122,0.14180965960471
45,"Fiber Bran",4,9,4.41,0.101638604799915,0.14180965960471
45,"Choco Puffs",15,2,3.33,0.518935378302711,0.14180965960471
46,"Crispy Flakes",3,3,3.45,0.0774671023625774,0.165467163662465
46,"Honey Crunch",12,1,3.93,0.195328832023277,0.165467163662465
46,"Fiber Bran",4,9,5.07,0.090836840672588,0.165467163662465
46,"Choco Puffs",15,2,3.38,0.470900061279093,0.165467163662465
47,"Crispy Flakes",3,3,3.87,0.0627174417487547,0.14834806703332
47,"Honey Crunch",12,1,3.51,0.257049895094028,0.14834806703332
47,"Fiber Bran",4,9,4.93,0.117950479804252,0.14834806703332
47,"Choco Puffs",15,2,3.59,0.413934116319646,0.14834806703332
48,"Crispy Flakes",3,3,4.23,0.0604788760110299,0.161485993714076
48,"Honey Crunch",12,1,3.68,0.21002468405785,0.161485993714076
48,"Fiber Bran",4,9,4.65,0.115144271501676,0.161485993714076
48,"Choco Puffs",15,2,4.22,0.452866174715368,0.161485993714076
49,"Crispy Flakes",3,3,3.92,0.0692852139393567,0.161623825824633
49,"Honey Crunch",12,1,4.21,0.194421985787868,0.161623825824633
49,"Fiber Bran",4,9,4.6,0.110071738054238,0.161623825824633
49,"Choco Puffs",15,2,3.71,0.464597236393903,0.161623825824633
50,"Crispy Flakes",3,3,3.63,0.0868124206644403,0.162721308614004
50,"Honey Crunch",12,1,4.07,0.196504725903328,0.162721308614004
50,"Fiber Bran",4,9,4.42,0.119202463037786,0.162721308614004
50,"Choco Puffs",15,2,4.08,0.434759081780441,0.162721308614004
