team,year,wins,losses,win_pct,goals_for,goals_against,page_number,source_url
Boston Bruins,1990,44,24,0.55,299,264,1,https://www.scrapethissite.com/pages/forms/?page_num=1
Buffalo Sabres,1990,31,30,0.388,292,278,1,https://www.scrapethissite.com/pages/forms/?page_num=1
Calgary Flames,1990,46,26,0.575,344,263,1,https://www.scrapethissite.com/pages/forms/?page_num=1
Chicago Blackhawks,1990,49,23,0.613,284,211,1,https://www.scrapethissite.com/pages/forms/?page_num=1
Detroit Red Wings,1990,34,38,0.425,273,298,1,https://www.scrapethissite.com/pages/forms/?page_num=1
Edmonton Oilers,1990,37,37,0.463,272,272,1,https://www.scrapethissite.com/pages/forms/?page_num=1
Hartford Whalers,1990,31,38,0.388,238,276,1,https://www.scrapethissite.com/pages/forms/?page_num=1
Los Angeles Kings,1990,46,24,0.575,340,254,1,https://www.scrapethissite.com/pages/forms/?page_num=1
Minnesota North Stars,1990,27,39,0.338,256,266,1,https://www.scrapethissite.com/pages/forms/?page_num=1
Montreal Canadiens,1990,39,30,0.487,273,249,1,https://www.scrapethissite.com/pages/forms/?page_num=1
New Jersey Devils,1990,32,33,0.4,272,264,1,https://www.scrapethissite.com/pages/forms/?page_num=1
New York Islanders,1990,25,45,0.312,223,290,1,https://www.scrapethissite.com/pages/forms/?page_num=1
New York Rangers,1990,36,31,0.45,297,265,1,https://www.scrapethissite.com/pages/forms/?page_num=1
Philadelphia Flyers,1990,33,37,0.412,252,267,1,https://www.scrapethissite.com/pages/forms/?page_num=1
Pittsburgh Penguins,1990,41,33,0.512,342,305,1,https://www.scrapethissite.com/pages/forms/?page_num=1
Quebec Nordiques,1990,16,50,0.2,236,354,1,https://www.scrapethissite.com/pages/forms/?page_num=1
St. Louis Blues,1990,47,22,0.588,310,250,1,https://www.scrapethissite.com/pages/forms/?page_num=1
Toronto Maple Leafs,1990,23,46,0.287,241,318,1,https://www.scrapethissite.com/pages/forms/?page_num=1
Vancouver Canucks,1990,28,43,0.35,243,315,1,https://www.scrapethissite.com/pages/forms/?page_num=1
Washington Capitals,1990,37,36,0.463,258,258,1,https://www.scrapethissite.com/pages/forms/?page_num=1
Winnipeg Jets,1990,26,43,0.325,260,288,1,https://www.scrapethissite.com/pages/forms/?page_num=1
Boston Bruins,1991,36,32,0.45,270,275,1,https://www.scrapethissite.com/pages/forms/?page_num=1
Buffalo Sabres,1991,31,37,0.388,289,299,1,https://www.scrapethissite.com/pages/forms/?page_num=1
Calgary Flames,1991,31,37,0.388,296,305,1,https://www.scrapethissite.com/pages/forms/?page_num=1
Chicago Blackhawks,1991,36,29,0.45,257,236,1,https://www.scrapethissite.com/pages/forms/?page_num=1
Detroit Red Wings,1991,43,25,0.537,320,256,2,https://www.scrapethissite.com/pages/forms/?page_num=2
Edmonton Oilers,1991,36,34,0.45,295,297,2,https://www.scrapethissite.com/pages/forms/?page_num=2
Hartford Whalers,1991,26,41,0.325,247,283,2,https://www.scrapethissite.com/pages/forms/?page_num=2
Los Angeles Kings,1991,35,31,0.438,287,296,2,https://www.scrapethissite.com/pages/forms/?page_num=2
Minnesota North Stars,1991,32,42,0.4,246,278,2,https://www.scrapethissite.com/pages/forms/?page_num=2
Montreal Canadiens,1991,41,28,0.512,267,207,2,https://www.scrapethissite.com/pages/forms/?page_num=2
New Jersey Devils,1991,38,31,0.475,289,259,2,https://www.scrapethissite.com/pages/forms/?page_num=2
New York Islanders,1991,34,35,0.425,291,299,2,https://www.scrapethissite.com/pages/forms/?page_num=2
New York Rangers,1991,50,25,0.625,321,246,2,https://www.scrapethissite.com/pages/forms/?page_num=2
Philadelphia Flyers,1991,32,37,0.4,252,273,2,https://www.scrapethissite.com/pages/forms/?page_num=2
Pittsburgh Penguins,1991,39,32,0.487,343,308,2,https://www.scrapethissite.com/pages/forms/?page_num=2
Quebec Nordiques,1991,20,48,0.25,255,318,2,https://www.scrapethissite.com/pages/forms/?page_num=2
San Jose Sharks,1991,17,58,0.212,219,359,2,https://www.scrapethissite.com/pages/forms/?page_num=2
St. Louis Blues,1991,36,33,0.45,279,266,2,https://www.scrapethissite.com/pages/forms/?page_num=2
Toronto Maple Leafs,1991,30,43,0.375,234,294,2,https://www.scrapethissite.com/pages/forms/?page_num=2
Vancouver Canucks,1991,42,26,0.525,285,250,2,https://www.scrapethissite.com/pages/forms/?page_num=2
Washington Capitals,1991,45,27,0.562,330,275,2,https://www.scrapethissite.com/pages/forms/?page_num=2
Winnipeg Jets,1991,33,32,0.412,251,244,2,https://www.scrapethissite.com/pages/forms/?page_num=2
Boston Bruins,1992,51,26,0.607,332,268,2,https://www.scrapethissite.com/pages/forms/?page_num=2
Buffalo Sabres,1992,38,36,0.452,335,297,2,https://www.scrapethissite.com/pages/forms/?page_num=2
Calgary Flames,1992,43,30,0.512,322,282,2,https://www.scrapethissite.com/pages/forms/?page_num=2
Chicago Blackhawks,1992,47,25,0.56,279,230,2,https://www.scrapethissite.com/pages/forms/?page_num=2
Detroit Red Wings,1992,47,28,0.56,369,280,2,https://www.scrapethissite.com/pages/forms/?page_num=2
Edmonton Oilers,1992,26,50,0.31,242,337,2,https://www.scrapethissite.com/pages/forms/?page_num=2
Hartford Whalers,1992,26,52,0.31,284,369,2,https://www.scrapethissite.com/pages/forms/?page_num=2
Los Angeles Kings,1992,39,35,0.464,338,340,3,https://www.scrapethissite.com/pages/forms/?page_num=3
Minnesota North Stars,1992,36,38,0.429,272,293,3,https://www.scrapethissite.com/pages/forms/?page_num=3
Montreal Canadiens,1992,48,30,0.571,326,280,3,https://www.scrapethissite.com/pages/forms/?page_num=3
New Jersey Devils,1992,40,37,0.476,308,299,3,https://www.scrapethissite.com/pages/forms/?page_num=3
New York Islanders,1992,40,37,0.476,335,297,3,https://www.scrapethissite.com/pages/forms/?page_num=3
New York Rangers,1992,34,39,0.405,304,308,3,https://www.scrapethissite.com/pages/forms/?page_num=3
Ottawa Senators,1992,10,70,0.119,202,395,3,https://www.scrapethissite.com/pages/forms/?page_num=3
Philadelphia Flyers,1992,36,37,0.429,319,319,3,https://www.scrapethissite.com/pages/forms/?page_num=3
Pittsburgh Penguins,1992,56,21,0.667,367,268,3,https://www.scrapethissite.com/pages/forms/?page_num=3
Quebec Nordiques,1992,47,27,0.56,351,300,3,https://www.scrapethissite.com/pages/forms/?page_num=3
San Jose Sharks,1992,11,71,0.131,218,414,3,https://www.scrapethissite.com/pages/forms/?page_num=3
St. Louis Blues,1992,37,36,0.44,282,278,3,https://www.scrapethissite.com/pages/forms/?page_num=3
Tampa Bay Lightning,1992,23,54,0.274,245,332,3,https://www.scrapethissite.com/pages/forms/?page_num=3
Toronto Maple Leafs,1992,44,29,0.524,288,241,3,https://www.scrapethissite.com/pages/forms/?page_num=3
Vancouver Canucks,1992,46,29,0.548,346,278,3,https://www.scrapethissite.com/pages/forms/?page_num=3
Washington Capitals,1992,43,34,0.512,325,286,3,https://www.scrapethissite.com/pages/forms/?page_num=3
Winnipeg Jets,1992,40,37,0.476,322,320,3,https://www.scrapethissite.com/pages/forms/?page_num=3
Mighty Ducks of Anaheim,1993,33,46,0.393,229,251,3,https://www.scrapethissite.com/pages/forms/?page_num=3
Boston Bruins,1993,42,29,0.5,289,252,3,https://www.scrapethissite.com/pages/forms/?page_num=3
Buffalo Sabres,1993,43,32,0.512,282,218,3,https://www.scrapethissite.com/pages/forms/?page_num=3
Calgary Flames,1993,42,29,0.5,302,256,3,https://www.scrapethissite.com/pages/forms/?page_num=3
Chicago Blackhawks,1993,39,36,0.464,254,240,3,https://www.scrapethissite.com/pages/forms/?page_num=3
Dallas Stars,1993,42,29,0.5,286,265,3,https://www.scrapethissite.com/pages/forms/?page_num=3
Detroit Red Wings,1993,46,30,0.548,356,275,3,https://www.scrapethissite.com/pages/forms/?page_num=3
Edmonton Oilers,1993,25,45,0.298,261,305,3,https://www.scrapethissite.com/pages/forms/?page_num=3
Florida Panthers,1993,33,34,0.393,233,233,4,https://www.scrapethissite.com/pages/forms/?page_num=4
Hartford Whalers,1993,27,48,0.321,227,288,4,https://www.scrapethissite.com/pages/forms/?page_num=4
Los Angeles Kings,1993,27,45,0.321,294,322,4,https://www.scrapethissite.com/pages/forms/?page_num=4
Montreal Canadiens,1993,41,29,0.488,283,248,4,https://www.scrapethissite.com/pages/forms/?page_num=4
New Jersey Devils,1993,47,25,0.56,306,220,4,https://www.scrapethissite.com/pages/forms/?page_num=4
New York Islanders,1993,36,36,0.429,282,264,4,https://www.scrapethissite.com/pages/forms/?page_num=4
New York Rangers,1993,52,24,0.619,299,231,4,https://www.scrapethissite.com/pages/forms/?page_num=4
Ottawa Senators,1993,14,61,0.167,201,397,4,https://www.scrapethissite.com/pages/forms/?page_num=4
Philadelphia Flyers,1993,35,39,0.417,294,314,4,https://www.scrapethissite.com/pages/forms/?page_num=4
Pittsburgh Penguins,1993,44,27,0.524,299,285,4,https://www.scrapethissite.com/pages/forms/?page_num=4
Quebec Nordiques,1993,34,42,0.405,277,292,4,https://www.scrapethissite.com/pages/forms/?page_num=4
San Jose Sharks,1993,33,35,0.393,252,265,4,https://www.scrapethissite.com/pages/forms/?page_num=4
St. Louis Blues,1993,40,33,0.476,270,283,4,https://www.scrapethissite.com/pages/forms/?page_num=4
Tampa Bay Lightning,1993,30,43,0.357,224,251,4,https://www.scrapethissite.com/pages/forms/?page_num=4
Toronto Maple Leafs,1993,43,29,0.512,280,243,4,https://www.scrapethissite.com/pages/forms/?page_num=4
Vancouver Canucks,1993,41,40,0.488,279,276,4,https://www.scrapethissite.com/pages/forms/?page_num=4
Washington Capitals,1993,39,35,0.464,277,263,4,https://www.scrapethissite.com/pages/forms/?page_num=4
Winnipeg Jets,1993,24,51,0.286,245,344,4,https://www.scrapethissite.com/pages/forms/?page_num=4
Mighty Ducks of Anaheim,1994,16,27,0.333,125,164,4,https://www.scrapethissite.com/pages/forms/?page_num=4
Boston Bruins,1994,27,18,0.562,150,127,4,https://www.scrapethissite.com/pages/forms/?page_num=4
Buffalo Sabres,1994,22,19,0.458,130,119,4,https://www.scrapethissite.com/pages/forms/?page_num=4
Calgary Flames,1994,24,17,0.5,163,135,4,https://www.scrapethissite.com/pages/forms/?page_num=4
Chicago Blackhawks,1994,24,19,0.5,156,115,4,https://www.scrapethissite.com/pages/forms/?page_num=4
Dallas Stars,1994,17,23,0.354,136,135,4,https://www.scrapethissite.com/pages/forms/?page_num=4
Detroit Red Wings,1994,33,11,0.688,180,117,4,https://www.scrapethissite.com/pages/forms/?page_num=4
Edmonton Oilers,1994,17,27,0.354,136,183,5,https://www.scrapethissite.com/pages/forms/?page_num=5
Florida Panthers,1994,20,22,0.417,115,127,5,https://www.scrapethissite.com/pages/forms/?page_num=5
Hartford Whalers,1994,19,24,0.396,127,141,5,https://www.scrapethissite.com/pages/forms/?page_num=5
Los Angeles Kings,1994,16,23,0.333,142,174,5,https://www.scrapethissite.com/pages/forms/?page_num=5
Montreal Canadiens,1994,18,23,0.375,125,148,5,https://www.scrapethissite.com/pages/forms/?page_num=5
New Jersey Devils,1994,22,18,0.458,136,121,5,https://www.scrapethissite.com/pages/forms/?page_num=5
New York Islanders,1994,15,28,0.312,126,158,5,https://www.scrapethissite.com/pages/forms/?page_num=5
New York Rangers,1994,22,23,0.458,139,134,5,https://www.scrapethissite.com/pages/forms/?page_num=5
Ottawa Senators,1994,9,34,0.188,117,174,5,https://www.scrapethissite.com/pages/forms/?page_num=5
Philadelphia Flyers,1994,28,16,0.583,150,132,5,https://www.scrapethissite.com/pages/forms/?page_num=5
Pittsburgh Penguins,1994,29,16,0.604,181,158,5,https://www.scrapethissite.com/pages/forms/?page_num=5
Quebec Nordiques,1994,30,13,0.625,185,134,5,https://www.scrapethissite.com/pages/forms/?page_num=5
San Jose Sharks,1994,19,25,0.396,129,161,5,https://www.scrapethissite.com/pages/forms/?page_num=5
St. Louis Blues,1994,28,15,0.583,178,135,5,https://www.scrapethissite.com/pages/forms/?page_num=5
Tampa Bay Lightning,1994,17,28,0.354,120,144,5,https://www.scrapethissite.com/pages/forms/?page_num=5
Toronto Maple Leafs,1994,21,19,0.438,135,146,5,https://www.scrapethissite.com/pages/forms/?page_num=5
Vancouver Canucks,1994,18,18,0.375,153,148,5,https://www.scrapethissite.com/pages/forms/?page_num=5
Washington Capitals,1994,22,18,0.458,136,120,5,https://www.scrapethissite.com/pages/forms/?page_num=5
Winnipeg Jets,1994,16,25,0.333,157,177,5,https://www.scrapethissite.com/pages/forms/?page_num=5
Mighty Ducks of Anaheim,1995,35,39,0.427,234,247,5,https://www.scrapethissite.com/pages/forms/?page_num=5
Boston Bruins,1995,40,31,0.488,282,269,5,https://www.scrapethissite.com/pages/forms/?page_num=5
Buffalo Sabres,1995,33,42,0.402,247,262,5,https://www.scrapethissite.com/pages/forms/?page_num=5
Calgary Flames,1995,34,37,0.415,241,240,5,https://www.scrapethissite.com/pages/forms/?page_num=5
Chicago Blackhawks,1995,40,28,0.488,273,220,5,https://www.scrapethissite.com/pages/forms/?page_num=5
Colorado Avalanche,1995,47,25,0.573,326,240,5,https://www.scrapethissite.com/pages/forms/?page_num=5
Dallas Stars,1995,26,42,0.317,227,280,6,https://www.scrapethissite.com/pages/forms/?page_num=6
Detroit Red Wings,1995,62,13,0.756,325,181,6,https://www.scrapethissite.com/pages/forms/?page_num=6
Edmonton Oilers,1995,30,44,0.366,240,304,6,https://www.scrapethissite.com/pages/forms/?page_num=6
Florida Panthers,1995,41,31,0.5,254,234,6,https://www.scrapethissite.com/pages/forms/?page_num=6
Hartford Whalers,1995,34,39,0.415,237,259,6,https://www.scrapethissite.com/pages/forms/?page_num=6
Los Angeles Kings,1995,24,40,0.293,256,302,6,https://www.scrapethissite.com/pages/forms/?page_num=6
Montreal Canadiens,1995,40,32,0.488,265,248,6,https://www.scrapethissite.com/pages/forms/?page_num=6
New Jersey Devils,1995,37,33,0.451,215,202,6,https://www.scrapethissite.com/pages/forms/?page_num=6
New York Islanders,1995,22,50,0.268,229,315,6,https://www.scrapethissite.com/pages/forms/?page_num=6
New York Rangers,1995,41,27,0.5,272,237,6,https://www.scrapethissite.com/pages/forms/?page_num=6
Ottawa Senators,1995,18,59,0.22,191,291,6,https://www.scrapethissite.com/pages/forms/?page_num=6
Philadelphia Flyers,1995,45,24,0.549,282,208,6,https://www.scrapethissite.com/pages/forms/?page_num=6
Pittsburgh Penguins,1995,49,29,0.598,362,284,6,https://www.scrapethissite.com/pages/forms/?page_num=6
San Jose Sharks,1995,20,55,0.244,252,357,6,https://www.scrapethissite.com/pages/forms/?page_num=6
St. Louis Blues,1995,32,34,0.39,219,248,6,https://www.scrapethissite.com/pages/forms/?page_num=6
Tampa Bay Lightning,1995,38,32,0.463,238,248,6,https://www.scrapethissite.com/pages/forms/?page_num=6
Toronto Maple Leafs,1995,34,36,0.415,247,252,6,https://www.scrapethissite.com/pages/forms/?page_num=6
Vancouver Canucks,1995,32,35,0.39,278,278,6,https://www.scrapethissite.com/pages/forms/?page_num=6
Washington Capitals,1995,39,32,0.476,234,204,6,https://www.scrapethissite.com/pages/forms/?page_num=6
Winnipeg Jets,1995,36,40,0.439,275,291,6,https://www.scrapethissite.com/pages/forms/?page_num=6
Mighty Ducks of Anaheim,1996,36,33,0.439,245,233,6,https://www.scrapethissite.com/pages/forms/?page_num=6
Boston Bruins,1996,26,47,0.317,234,300,6,https://www.scrapethissite.com/pages/forms/?page_num=6
Buffalo Sabres,1996,40,30,0.488,237,208,6,https://www.scrapethissite.com/pages/forms/?page_num=6
Calgary Flames,1996,32,41,0.39,214,239,6,https://www.scrapethissite.com/pages/forms/?page_num=6
Chicago Blackhawks,1996,34,35,0.415,223,210,6,https://www.scrapethissite.com/pages/forms/?page_num=6
Colorado Avalanche,1996,49,24,0.598,277,205,7,https://www.scrapethissite.com/pages/forms/?page_num=7
Dallas Stars,1996,48,26,0.585,252,198,7,https://www.scrapethissite.com/pages/forms/?page_num=7
Detroit Red Wings,1996,38,26,0.463,253,197,7,https://www.scrapethissite.com/pages/forms/?page_num=7
Edmonton Oilers,1996,36,37,0.439,252,247,7,https://www.scrapethissite.com/pages/forms/?page_num=7
Florida Panthers,1996,35,28,0.427,221,201,7,https://www.scrapethissite.com/pages/forms/?page_num=7
Hartford Whalers,1996,32,39,0.39,226,256,7,https://www.scrapethissite.com/pages/forms/?page_num=7
Los Angeles Kings,1996,28,43,0.341,214,268,7,https://www.scrapethissite.com/pages/forms/?page_num=7
Montreal Canadiens,1996,31,36,0.378,249,276,7,https://www.scrapethissite.com/pages/forms/?page_num=7
New Jersey Devils,1996,45,23,0.549,231,182,7,https://www.scrapethissite.com/pages/forms/?page_num=7
New York Islanders,1996,29,41,0.354,240,250,7,https://www.scrapethissite.com/pages/forms/?page_num=7
New York Rangers,1996,38,34,0.463,258,231,7,https://www.scrapethissite.com/pages/forms/?page_num=7
Ottawa Senators,1996,31,36,0.378,226,234,7,https://www.scrapethissite.com/pages/forms/?page_num=7
Philadelphia Flyers,1996,45,24,0.549,274,217,7,https://www.scrapethissite.com/pages/forms/?page_num=7
Phoenix Coyotes,1996,38,37,0.463,240,243,7,https://www.scrapethissite.com/pages/forms/?page_num=7
Pittsburgh Penguins,1996,38,36,0.463,285,280,7,https://www.scrapethissite.com/pages/forms/?page_num=7
San Jose Sharks,1996,27,47,0.329,211,278,7,https://www.scrapethissite.com/pages/forms/?page_num=7
St. Louis Blues,1996,36,35,0.439,236,239,7,https://www.scrapethissite.com/pages/forms/?page_num=7
Tampa Bay Lightning,1996,32,40,0.39,217,247,7,https://www.scrapethissite.com/pages/forms/?page_num=7
Toronto Maple Leafs,1996,30,44,0.366,230,273,7,https://www.scrapethissite.com/pages/forms/?page_num=7
Vancouver Canucks,1996,35,40,0.427,257,273,7,https://www.scrapethissite.com/pages/forms/?page_num=7
Washington Capitals,1996,33,40,0.402,214,231,7,https://www.scrapethissite.com/pages/forms/?page_num=7
Mighty Ducks of Anaheim,1997,26,43,0.317,205,261,7,https://www.scrapethissite.com/pages/forms/?page_num=7
Boston Bruins,1997,39,30,0.476,221,194,7,https://www.scrapethissite.com/pages/forms/?page_num=7
Buffalo Sabres,1997,36,29,0.439,211,187,7,https://www.scrapethissite.com/pages/forms/?page_num=7
Calgary Flames,1997,26,41,0.317,217,252,7,https://www.scrapethissite.com/pages/forms/?page_num=7
Carolina Hurricanes,1997,33,41,0.402,200,219,8,https://www.scrapethissite.com/pages/forms/?page_num=8
Chicago Blackhawks,1997,30,39,0.366,192,199,8,https://www.scrapethissite.com/pages/forms/?page_num=8
Colorado Avalanche,1997,39,26,0.476,231,205,8,https://www.scrapethissite.com/pages/forms/?page_num=8
Dallas Stars,1997,49,22,0.598,242,167,8,https://www.scrapethissite.com/pages/forms/?page_num=8
Detroit Red Wings,1997,44,23,0.537,250,196,8,https://www.scrapethissite.com/pages/forms/?page_num=8
Edmonton Oilers,1997,35,37,0.427,215,224,8,https://www.scrapethissite.com/pages/forms/?page_num=8
Florida Panthers,1997,24,43,0.293,203,256,8,https://www.scrapethissite.com/pages/forms/?page_num=8
Los Angeles Kings,1997,38,33,0.463,227,225,8,https://www.scrapethissite.com/pages/forms/?page_num=8
Montreal Canadiens,1997,37,32,0.451,235,208,8,https://www.scrapethissite.com/pages/forms/?page_num=8
New Jersey Devils,1997,48,23,0.585,225,166,8,https://www.scrapethissite.com/pages/forms/?page_num=8
New York Islanders,1997,30,41,0.366,212,225,8,https://www.scrapethissite.com/pages/forms/?page_num=8
New York Rangers,1997,25,39,0.305,197,231,8,https://www.scrapethissite.com/pages/forms/?page_num=8
Ottawa Senators,1997,34,33,0.415,193,200,8,https://www.scrapethissite.com/pages/forms/?page_num=8
Philadelphia Flyers,1997,42,29,0.512,242,193,8,https://www.scrapethissite.com/pages/forms/?page_num=8
Phoenix Coyotes,1997,35,35,0.427,224,227,8,https://www.scrapethissite.com/pages/forms/?page_num=8
Pittsburgh Penguins,1997,40,24,0.488,228,188,8,https://www.scrapethissite.com/pages/forms/?page_num=8
San Jose Sharks,1997,34,38,0.415,210,216,8,https://www.scrapethissite.com/pages/forms/?page_num=8
St. Louis Blues,1997,45,29,0.549,256,204,8,https://www.scrapethissite.com/pages/forms/?page_num=8
Tampa Bay Lightning,1997,17,55,0.207,151,269,8,https://www.scrapethissite.com/pages/forms/?page_num=8
Toronto Maple Leafs,1997,30,43,0.366,194,237,8,https://www.scrapethissite.com/pages/forms/?page_num=8
Vancouver Canucks,1997,25,43,0.305,224,273,8,https://www.scrapethissite.com/pages/forms/?page_num=8
Washington Capitals,1997,40,30,0.488,219,202,8,https://www.scrapethissite.com/pages/forms/?page_num=8
Mighty Ducks of Anaheim,1998,35,34,0.427,215,206,8,https://www.scrapethissite.com/pages/forms/?page_num=8
Boston Bruins,1998,39,30,0.476,214,181,8,https://www.scrapethissite.com/pages/forms/?page_num=8
Buffalo Sabres,1998,37,28,0.451,207,175,8,https://www.scrapethissite.com/pages/forms/?page_num=8
Calgary Flames,1998,30,40,0.366,211,234,9,https://www.scrapethissite.com/pages/forms/?page_num=9
Carolina Hurricanes,1998,34,30,0.415,210,202,9,https://www.scrapethissite.com/pages/forms/?page_num=9
Chicago Blackhawks,1998,29,41,0.354,202,248,9,https://www.scrapethissite.com/pages/forms/?page_num=9
Colorado Avalanche,1998,44,28,0.537,239,205,9,https://www.scrapethissite.com/pages/forms/?page_num=9
Dallas Stars,1998,51,19,0.622,236,168,9,https://www.scrapethissite.com/pages/forms/?page_num=9
Detroit Red Wings,1998,43,32,0.524,245,202,9,https://www.scrapethissite.com/pages/forms/?page_num=9
Edmonton Oilers,1998,33,37,0.402,230,226,9,https://www.scrapethissite.com/pages/forms/?page_num=9
Florida Panthers,1998,30,34,0.366,210,228,9,https://www.scrapethissite.com/pages/forms/?page_num=9
Los Angeles Kings,1998,32,45,0.39,189,222,9,https://www.scrapethissite.com/pages/forms/?page_num=9
Montreal Canadiens,1998,32,39,0.39,184,209,9,https://www.scrapethissite.com/pages/forms/?page_num=9
Nashville Predators,1998,28,47,0.341,190,261,9,https://www.scrapethissite.com/pages/forms/?page_num=9
New Jersey Devils,1998,47,24,0.573,248,196,9,https://www.scrapethissite.com/pages/forms/?page_num=9
New York Islanders,1998,24,48,0.293,194,244,9,https://www.scrapethissite.com/pages/forms/?page_num=9
New York Rangers,1998,33,38,0.402,217,227,9,https://www.scrapethissite.com/pages/forms/?page_num=9
Ottawa Senators,1998,44,23,0.537,239,179,9,https://www.scrapethissite.com/pages/forms/?page_num=9
Philadelphia Flyers,1998,37,26,0.451,231,196,9,https://www.scrapethissite.com/pages/forms/?page_num=9
Phoenix Coyotes,1998,39,31,0.476,205,197,9,https://www.scrapethissite.com/pages/forms/?page_num=9
Pittsburgh Penguins,1998,38,30,0.463,242,225,9,https://www.scrapethissite.com/pages/forms/?page_num=9
San Jose Sharks,1998,31,33,0.378,196,191,9,https://www.scrapethissite.com/pages/forms/?page_num=9
St. Louis Blues,1998,37,32,0.451,237,209,9,https://www.scrapethissite.com/pages/forms/?page_num=9
Tampa Bay Lightning,1998,19,54,0.232,179,292,9,https://www.scrapethissite.com/pages/forms/?page_num=9
Toronto Maple Leafs,1998,45,30,0.549,268,231,9,https://www.scrapethissite.com/pages/forms/?page_num=9
Vancouver Canucks,1998,23,47,0.28,192,258,9,https://www.scrapethissite.com/pages/forms/?page_num=9
Washington Capitals,1998,31,45,0.378,200,218,9,https://www.scrapethissite.com/pages/forms/?page_num=9
Mighty Ducks of Anaheim,1999,34,33,0.415,217,227,9,https://www.scrapethissite.com/pages/forms/?page_num=9
Atlanta Thrashers,1999,14,57,0.171,170,313,10,https://www.scrapethissite.com/pages/forms/?page_num=10
Boston Bruins,1999,24,33,0.293,210,248,10,https://www.scrapethissite.com/pages/forms/?page_num=10
Buffalo Sabres,1999,35,32,0.427,213,204,10,https://www.scrapethissite.com/pages/forms/?page_num=10
Calgary Flames,1999,31,36,0.378,211,256,10,https://www.scrapethissite.com/pages/forms/?page_num=10
Carolina Hurricanes,1999,37,35,0.451,217,216,10,https://www.scrapethissite.com/pages/forms/?page_num=10
Chicago Blackhawks,1999,33,37,0.402,242,245,10,https://www.scrapethissite.com/pages/forms/?page_num=10
Colorado Avalanche,1999,42,28,0.512,233,201,10,https://www.scrapethissite.com/pages/forms/?page_num=10
Dallas Stars,1999,43,23,0.524,211,184,10,https://www.scrapethissite.com/pages/forms/?page_num=10
Detroit Red Wings,1999,48,22,0.585,278,210,10,https://www.scrapethissite.com/pages/forms/?page_num=10
Edmonton Oilers,1999,32,26,0.39,226,212,10,https://www.scrapethissite.com/pages/forms/?page_num=10
Florida Panthers,1999,43,27,0.524,244,209,10,https://www.scrapethissite.com/pages/forms/?page_num=10
Los Angeles Kings,1999,39,27,0.476,245,228,10,https://www.scrapethissite.com/pages/forms/?page_num=10
Montreal Canadiens,1999,35,34,0.427,196,194,10,https://www.scrapethissite.com/pages/forms/?page_num=10
Nashville Predators,1999,28,40,0.341,199,240,10,https://www.scrapethissite.com/pages/forms/?page_num=10
New Jersey Devils,1999,45,24,0.549,251,203,10,https://www.scrapethissite.com/pages/forms/?page_num=10
New York Islanders,1999,24,48,0.293,194,275,10,https://www.scrapethissite.com/pages/forms/?page_num=10
New York Rangers,1999,29,38,0.354,218,246,10,https://www.scrapethissite.com/pages/forms/?page_num=10
Ottawa Senators,1999,41,28,0.5,244,210,10,https://www.scrapethissite.com/pages/forms/?page_num=10
Philadelphia Flyers,1999,45,22,0.549,237,179,10,https://www.scrapethissite.com/pages/forms/?page_num=10
Phoenix Coyotes,1999,39,31,0.476,232,228,10,https://www.scrapethissite.com/pages/forms/?page_num=10
Pittsburgh Penguins,1999,37,31,0.451,241,236,10,https://www.scrapethissite.com/pages/forms/?page_num=10
San Jose Sharks,1999,35,30,0.427,225,214,10,https://www.scrapethissite.com/pages/forms/?page_num=10
St. Louis Blues,1999,51,19,0.622,248,165,10,https://www.scrapethissite.com/pages/forms/?page_num=10
Tampa Bay Lightning,1999,19,47,0.232,204,310,10,https://www.scrapethissite.com/pages/forms/?page_num=10
Toronto Maple Leafs,1999,45,27,0.549,246,222,10,https://www.scrapethissite.com/pages/forms/?page_num=10
Vancouver Canucks,1999,30,29,0.366,227,237,11,https://www.scrapethissite.com/pages/forms/?page_num=11
Washington Capitals,1999,44,24,0.537,227,194,11,https://www.scrapethissite.com/pages/forms/?page_num=11
Mighty Ducks of Anaheim,2000,25,41,0.305,188,245,11,https://www.scrapethissite.com/pages/forms/?page_num=11
Atlanta Thrashers,2000,23,45,0.28,211,289,11,https://www.scrapethissite.com/pages/forms/?page_num=11
Boston Bruins,2000,36,30,0.439,227,249,11,https://www.scrapethissite.com/pages/forms/?page_num=11
Buffalo Sabres,2000,46,30,0.561,218,184,11,https://www.scrapethissite.com/pages/forms/?page_num=11
Calgary Flames,2000,27,36,0.329,197,236,11,https://www.scrapethissite.com/pages/forms/?page_num=11
Carolina Hurricanes,2000,38,32,0.463,212,225,11,https://www.scrapethissite.com/pages/forms/?page_num=11
Columbus Blue Jackets,2000,28,39,0.341,190,233,11,https://www.scrapethissite.com/pages/forms/?page_num=11
Chicago Blackhawks,2000,29,40,0.354,210,246,11,https://www.scrapethissite.com/pages/forms/?page_num=11
Colorado Avalanche,2000,52,16,0.634,270,192,11,https://www.scrapethissite.com/pages/forms/?page_num=11
Dallas Stars,2000,48,24,0.585,241,187,11,https://www.scrapethissite.com/pages/forms/?page_num=11
Detroit Red Wings,2000,49,20,0.598,253,202,11,https://www.scrapethissite.com/pages/forms/?page_num=11
Edmonton Oilers,2000,39,28,0.476,243,222,11,https://www.scrapethissite.com/pages/forms/?page_num=11
Florida Panthers,2000,22,38,0.268,200,246,11,https://www.scrapethissite.com/pages/forms/?page_num=11
Los Angeles Kings,2000,38,28,0.463,252,228,11,https://www.scrapethissite.com/pages/forms/?page_num=11
Minnesota Wild,2000,25,39,0.305,168,210,11,https://www.scrapethissite.com/pages/forms/?page_num=11
Montreal Canadiens,2000,28,40,0.341,206,232,11,https://www.scrapethissite.com/pages/forms/?page_num=11
Nashville Predators,2000,34,36,0.415,186,200,11,https://www.scrapethissite.com/pages/forms/?page_num=11
New Jersey Devils,2000,48,19,0.585,295,195,11,https://www.scrapethissite.com/pages/forms/?page_num=11
New York Islanders,2000,21,51,0.256,185,268,11,https://www.scrapethissite.com/pages/forms/?page_num=11
New York Rangers,2000,33,43,0.402,250,290,11,https://www.scrapethissite.com/pages/forms/?page_num=11
Ottawa Senators,2000,48,21,0.585,274,205,11,https://www.scrapethissite.com/pages/forms/?page_num=11
Philadelphia Flyers,2000,43,25,0.524,240,207,11,https://www.scrapethissite.com/pages/forms/?page_num=11
Phoenix Coyotes,2000,35,27,0.427,214,212,11,https://www.scrapethissite.com/pages/forms/?page_num=11
Pittsburgh Penguins,2000,42,28,0.512,281,256,12,https://www.scrapethissite.com/pages/forms/?page_num=12
San Jose Sharks,2000,40,27,0.488,217,192,12,https://www.scrapethissite.com/pages/forms/?page_num=12
St. Louis Blues,2000,43,22,0.524,249,195,12,https://www.scrapethissite.com/pages/forms/?page_num=12
Tampa Bay Lightning,2000,24,47,0.293,201,280,12,https://www.scrapethissite.com/pages/forms/?page_num=12
Toronto Maple Leafs,2000,37,29,0.451,232,207,12,https://www.scrapethissite.com/pages/forms/?page_num=12
Vancouver Canucks,2000,36,28,0.439,239,238,12,https://www.scrapethissite.com/pages/forms/?page_num=12
Washington Capitals,2000,41,27,0.5,233,211,12,https://www.scrapethissite.com/pages/forms/?page_num=12
Mighty Ducks of Anaheim,2001,29,42,0.354,175,198,12,https://www.scrapethissite.com/pages/forms/?page_num=12
Atlanta Thrashers,2001,19,47,0.232,187,288,12,https://www.scrapethissite.com/pages/forms/?page_num=12
Boston Bruins,2001,43,24,0.524,236,201,12,https://www.scrapethissite.com/pages/forms/?page_num=12
Buffalo Sabres,2001,35,35,0.427,213,200,12,https://www.scrapethissite.com/pages/forms/?page_num=12
Calgary Flames,2001,32,35,0.39,201,220,12,https://www.scrapethissite.com/pages/forms/?page_num=12
Carolina Hurricanes,2001,35,26,0.427,217,217,12,https://www.scrapethissite.com/pages/forms/?page_num=12
Columbus Blue Jackets,2001,22,47,0.268,164,255,12,https://www.scrapethissite.com/pages/forms/?page_num=12
Chicago Blackhawks,2001,41,27,0.5,216,207,12,https://www.scrapethissite.com/pages/forms/?page_num=12
Colorado Avalanche,2001,45,28,0.549,212,169,12,https://www.scrapethissite.com/pages/forms/?page_num=12
Dallas Stars,2001,36,28,0.439,215,213,12,https://www.scrapethissite.com/pages/forms/?page_num=12
Detroit Red Wings,2001,51,17,0.622,251,187,12,https://www.scrapethissite.com/pages/forms/?page_num=12
Edmonton Oilers,2001,38,28,0.463,205,182,12,https://www.scrapethissite.com/pages/forms/?page_num=12
Florida Panthers,2001,22,44,0.268,180,250,12,https://www.scrapethissite.com/pages/forms/?page_num=12
Los Angeles Kings,2001,40,27,0.488,214,190,12,https://www.scrapethissite.com/pages/forms/?page_num=12
Minnesota Wild,2001,26,35,0.317,195,238,12,https://www.scrapethissite.com/pages/forms/?page_num=12
Montreal Canadiens,2001,36,31,0.439,207,209,12,https://www.scrapethissite.com/pages/forms/?page_num=12
Nashville Predators,2001,28,41,0.341,196,230,12,https://www.scrapethissite.com/pages/forms/?page_num=12
New Jersey Devils,2001,41,28,0.5,205,187,12,https://www.scrapethissite.com/pages/forms/?page_num=12
New York Islanders,2001,42,28,0.512,239,220,13,https://www.scrapethissite.com/pages/forms/?page_num=13
New York Rangers,2001,36,38,0.439,227,258,13,https://www.scrapethissite.com/pages/forms/?page_num=13
Ottawa Senators,2001,39,27,0.476,243,208,13,https://www.scrapethissite.com/pages/forms/?page_num=13
Philadelphia Flyers,2001,42,27,0.512,234,192,13,https://www.scrapethissite.com/pages/forms/?page_num=13
Phoenix Coyotes,2001,40,27,0.488,228,210,13,https://www.scrapethissite.com/pages/forms/?page_num=13
Pittsburgh Penguins,2001,28,41,0.341,198,249,13,https://www.scrapethissite.com/pages/forms/?page_num=13
San Jose Sharks,2001,44,27,0.537,248,199,13,https://www.scrapethissite.com/pages/forms/?page_num=13
St. Louis Blues,2001,43,27,0.524,227,188,13,https://www.scrapethissite.com/pages/forms/?page_num=13
Tampa Bay Lightning,2001,27,40,0.329,178,219,13,https://www.scrapethissite.com/pages/forms/?page_num=13
Toronto Maple Leafs,2001,43,25,0.524,249,207,13,https://www.scrapethissite.com/pages/forms/?page_num=13
Vancouver Canucks,2001,42,30,0.512,254,211,13,https://www.scrapethissite.com/pages/forms/?page_num=13
Washington Capitals,2001,36,33,0.439,228,240,13,https://www.scrapethissite.com/pages/forms/?page_num=13
Mighty Ducks of Anaheim,2002,40,27,0.488,203,193,13,https://www.scrapethissite.com/pages/forms/?page_num=13
Atlanta Thrashers,2002,31,39,0.378,226,284,13,https://www.scrapethissite.com/pages/forms/?page_num=13
Boston Bruins,2002,36,31,0.439,245,237,13,https://www.scrapethissite.com/pages/forms/?page_num=13
Buffalo Sabres,2002,27,37,0.329,190,219,13,https://www.scrapethissite.com/pages/forms/?page_num=13
Calgary Flames,2002,29,36,0.354,186,228,13,https://www.scrapethissite.com/pages/forms/?page_num=13
Carolina Hurricanes,2002,22,43,0.268,171,240,13,https://www.scrapethissite.com/pages/forms/?page_num=13
Columbus Blue Jackets,2002,29,42,0.354,213,263,13,https://www.scrapethissite.com/pages/forms/?page_num=13
Chicago Blackhawks,2002,30,33,0.366,207,226,13,https://www.scrapethissite.com/pages/forms/?page_num=13
Colorado Avalanche,2002,42,19,0.512,251,194,13,https://www.scrapethissite.com/pages/forms/?page_num=13
Dallas Stars,2002,46,17,0.561,245,169,13,https://www.scrapethissite.com/pages/forms/?page_num=13
Detroit Red Wings,2002,48,20,0.585,269,203,13,https://www.scrapethissite.com/pages/forms/?page_num=13
Edmonton Oilers,2002,36,26,0.439,231,230,13,https://www.scrapethissite.com/pages/forms/?page_num=13
Florida Panthers,2002,24,36,0.293,176,237,13,https://www.scrapethissite.com/pages/forms/?page_num=13
Los Angeles Kings,2002,33,37,0.402,203,221,14,https://www.scrapethissite.com/pages/forms/?page_num=14
Minnesota Wild,2002,42,29,0.512,198,178,14,https://www.scrapethissite.com/pages/forms/?page_num=14
Montreal Canadiens,2002,30,35,0.366,206,234,14,https://www.scrapethissite.com/pages/forms/?page_num=14
Nashville Predators,2002,27,35,0.329,183,206,14,https://www.scrapethissite.com/pages/forms/?page_num=14
New Jersey Devils,2002,46,20,0.561,216,166,14,https://www.scrapethissite.com/pages/forms/?page_num=14
New York Islanders,2002,35,34,0.427,224,231,14,https://www.scrapethissite.com/pages/forms/?page_num=14
New York Rangers,2002,32,36,0.39,210,231,14,https://www.scrapethissite.com/pages/forms/?page_num=14
Ottawa Senators,2002,52,21,0.634,263,182,14,https://www.scrapethissite.com/pages/forms/?page_num=14
Philadelphia Flyers,2002,45,20,0.549,211,166,14,https://www.scrapethissite.com/pages/forms/?page_num=14
Phoenix Coyotes,2002,31,35,0.378,204,230,14,https://www.scrapethissite.com/pages/forms/?page_num=14
Pittsburgh Penguins,2002,27,44,0.329,189,255,14,https://www.scrapethissite.com/pages/forms/?page_num=14
San Jose Sharks,2002,28,37,0.341,214,239,14,https://www.scrapethissite.com/pages/forms/?page_num=14
St. Louis Blues,2002,41,24,0.5,253,222,14,https://www.scrapethissite.com/pages/forms/?page_num=14
Tampa Bay Lightning,2002,36,25,0.439,219,210,14,https://www.scrapethissite.com/pages/forms/?page_num=14
Toronto Maple Leafs,2002,44,28,0.537,236,208,14,https://www.scrapethissite.com/pages/forms/?page_num=14
Vancouver Canucks,2002,45,23,0.549,264,208,14,https://www.scrapethissite.com/pages/forms/?page_num=14
Washington Capitals,2002,39,29,0.476,224,220,14,https://www.scrapethissite.com/pages/forms/?page_num=14
Mighty Ducks of Anaheim,2003,29,35,0.354,184,213,14,https://www.scrapethissite.com/pages/forms/?page_num=14
Atlanta Thrashers,2003,33,37,0.402,214,243,14,https://www.scrapethissite.com/pages/forms/?page_num=14
Boston Bruins,2003,41,19,0.5,209,188,14,https://www.scrapethissite.com/pages/forms/?page_num=14
Buffalo Sabres,2003,37,34,0.451,220,221,14,https://www.scrapethissite.com/pages/forms/?page_num=14
Calgary Flames,2003,42,30,0.512,200,176,14,https://www.scrapethissite.com/pages/forms/?page_num=14
Carolina Hurricanes,2003,28,34,0.341,172,209,14,https://www.scrapethissite.com/pages/forms/?page_num=14
Columbus Blue Jackets,2003,25,45,0.305,177,238,14,https://www.scrapethissite.com/pages/forms/?page_num=14
Chicago Blackhawks,2003,20,43,0.244,188,259,14,https://www.scrapethissite.com/pages/forms/?page_num=14
Colorado Avalanche,2003,40,22,0.488,236,198,15,https://www.scrapethissite.com/pages/forms/?page_num=15
Dallas Stars,2003,41,26,0.5,194,175,15,https://www.scrapethissite.com/pages/forms/?page_num=15
Detroit Red Wings,2003,48,21,0.585,255,189,15,https://www.scrapethissite.com/pages/forms/?page_num=15
Edmonton Oilers,2003,36,29,0.439,221,208,15,https://www.scrapethissite.com/pages/forms/?page_num=15
Florida Panthers,2003,28,35,0.341,188,221,15,https://www.scrapethissite.com/pages/forms/?page_num=15
Los Angeles Kings,2003,28,29,0.341,205,217,15,https://www.scrapethissite.com/pages/forms/?page_num=15
Minnesota Wild,2003,30,29,0.366,188,183,15,https://www.scrapethissite.com/pages/forms/?page_num=15
Montreal Canadiens,2003,41,30,0.5,208,192,15,https://www.scrapethissite.com/pages/forms/?page_num=15
Nashville Predators,2003,38,29,0.463,216,217,15,https://www.scrapethissite.com/pages/forms/?page_num=15
New Jersey Devils,2003,43,25,0.524,213,164,15,https://www.scrapethissite.com/pages/forms/?page_num=15
New York Islanders,2003,38,29,0.463,237,210,15,https://www.scrapethissite.com/pages/forms/?page_num=15
New York Rangers,2003,27,40,0.329,206,250,15,https://www.scrapethissite.com/pages/forms/?page_num=15
Ottawa Senators,2003,43,23,0.524,262,189,15,https://www.scrapethissite.com/pages/forms/?page_num=15
Philadelphia Flyers,2003,40,21,0.488,229,186,15,https://www.scrapethissite.com/pages/forms/?page_num=15
Phoenix Coyotes,2003,22,36,0.268,188,245,15,https://www.scrapethissite.com/pages/forms/?page_num=15
Pittsburgh Penguins,2003,23,47,0.28,190,303,15,https://www.scrapethissite.com/pages/forms/?page_num=15
San Jose Sharks,2003,43,21,0.524,219,183,15,https://www.scrapethissite.com/pages/forms/?page_num=15
St. Louis Blues,2003,39,30,0.476,191,198,15,https://www.scrapethissite.com/pages/forms/?page_num=15
Tampa Bay Lightning,2003,46,22,0.561,245,192,15,https://www.scrapethissite.com/pages/forms/?page_num=15
Toronto Maple Leafs,2003,45,24,0.549,242,204,15,https://www.scrapethissite.com/pages/forms/?page_num=15
Vancouver Canucks,2003,43,24,0.524,235,194,15,https://www.scrapethissite.com/pages/forms/?page_num=15
Washington Capitals,2003,23,46,0.28,186,253,15,https://www.scrapethissite.com/pages/forms/?page_num=15
Mighty Ducks of Anaheim,2005,43,27,0.524,254,229,15,https://www.scrapethissite.com/pages/forms/?page_num=15
Atlanta Thrashers,2005,41,33,0.5,281,275,15,https://www.scrapethissite.com/pages/forms/?page_num=15
Boston Bruins,2005,29,37,0.354,230,266,15,https://www.scrapethissite.com/pages/forms/?page_num=15
Buffalo Sabres,2005,52,24,0.634,281,239,16,https://www.scrapethissite.com/pages/forms/?page_num=16
Calgary Flames,2005,46,25,0.561,218,200,16,https://www.scrapethissite.com/pages/forms/?page_num=16
Carolina Hurricanes,2005,52,22,0.634,294,260,16,https://www.scrapethissite.com/pages/forms/?page_num=16
Columbus Blue Jackets,2005,35,43,0.427,223,279,16,https://www.scrapethissite.com/pages/forms/?page_num=16
Chicago Blackhawks,2005,26,43,0.317,211,285,16,https://www.scrapethissite.com/pages/forms/?page_num=16
Colorado Avalanche,2005,43,30,0.524,283,257,16,https://www.scrapethissite.com/pages/forms/?page_num=16
Dallas Stars,2005,53,23,0.646,265,218,16,https://www.scrapethissite.com/pages/forms/?page_num=16
Detroit Red Wings,2005,58,16,0.707,305,209,16,https://www.scrapethissite.com/pages/forms/?page_num=16
Edmonton Oilers,2005,41,28,0.5,256,251,16,https://www.scrapethissite.com/pages/forms/?page_num=16
Florida Panthers,2005,37,34,0.451,240,257,16,https://www.scrapethissite.com/pages/forms/?page_num=16
Los Angeles Kings,2005,42,35,0.512,249,270,16,https://www.scrapethissite.com/pages/forms/?page_num=16
Minnesota Wild,2005,38,36,0.463,231,215,16,https://www.scrapethissite.com/pages/forms/?page_num=16
Montreal Canadiens,2005,42,31,0.512,243,247,16,https://www.scrapethissite.com/pages/forms/?page_num=16
Nashville Predators,2005,49,25,0.598,259,227,16,https://www.scrapethissite.com/pages/forms/?page_num=16
New Jersey Devils,2005,46,27,0.561,242,229,16,https://www.scrapethissite.com/pages/forms/?page_num=16
New York Islanders,2005,36,40,0.439,230,278,16,https://www.scrapethissite.com/pages/forms/?page_num=16
New York Rangers,2005,44,26,0.537,257,215,16,https://www.scrapethissite.com/pages/forms/?page_num=16
Ottawa Senators,2005,52,21,0.634,314,211,16,https://www.scrapethissite.com/pages/forms/?page_num=16
Philadelphia Flyers,2005,45,26,0.549,267,259,16,https://www.scrapethissite.com/pages/forms/?page_num=16
Phoenix Coyotes,2005,38,39,0.463,246,271,16,https://www.scrapethissite.com/pages/forms/?page_num=16
Pittsburgh Penguins,2005,22,46,0.268,244,316,16,https://www.scrapethissite.com/pages/forms/?page_num=16
San Jose Sharks,2005,44,27,0.537,266,242,16,https://www.scrapethissite.com/pages/forms/?page_num=16
St. Louis Blues,2005,21,46,0.256,197,292,16,https://www.scrapethissite.com/pages/forms/?page_num=16
Tampa Bay Lightning,2005,43,33,0.524,252,260,16,https://www.scrapethissite.com/pages/forms/?page_num=16
Toronto Maple Leafs,2005,41,33,0.5,257,270,16,https://www.scrapethissite.com/pages/forms/?page_num=16
Vancouver Canucks,2005,42,32,0.512,256,255,17,https://www.scrapethissite.com/pages/forms/?page_num=17
Washington Capitals,2005,29,41,0.354,237,306,17,https://www.scrapethissite.com/pages/forms/?page_num=17
Anaheim Ducks,2006,48,20,0.585,258,208,17,https://www.scrapethissite.com/pages/forms/?page_num=17
Atlanta Thrashers,2006,43,28,0.524,246,245,17,https://www.scrapethissite.com/pages/forms/?page_num=17
Boston Bruins,2006,35,41,0.427,219,289,17,https://www.scrapethissite.com/pages/forms/?page_num=17
Buffalo Sabres,2006,53,22,0.646,308,242,17,https://www.scrapethissite.com/pages/forms/?page_num=17
Calgary Flames,2006,43,29,0.524,258,226,17,https://www.scrapethissite.com/pages/forms/?page_num=17
Carolina Hurricanes,2006,40,34,0.488,241,253,17,https://www.scrapethissite.com/pages/forms/?page_num=17
Columbus Blue Jackets,2006,33,42,0.402,201,249,17,https://www.scrapethissite.com/pages/forms/?page_num=17
Chicago Blackhawks,2006,31,42,0.378,201,258,17,https://www.scrapethissite.com/pages/forms/?page_num=17
Colorado Avalanche,2006,44,31,0.537,272,251,17,https://www.scrapethissite.com/pages/forms/?page_num=17
Dallas Stars,2006,50,25,0.61,226,197,17,https://www.scrapethissite.com/pages/forms/?page_num=17
Detroit Red Wings,2006,50,19,0.61,254,199,17,https://www.scrapethissite.com/pages/forms/?page_num=17
Edmonton Oilers,2006,32,43,0.39,195,248,17,https://www.scrapethissite.com/pages/forms/?page_num=17
Florida Panthers,2006,35,31,0.427,247,257,17,https://www.scrapethissite.com/pages/forms/?page_num=17
Los Angeles Kings,2006,27,41,0.329,227,283,17,https://www.scrapethissite.com/pages/forms/?page_num=17
Minnesota Wild,2006,48,26,0.585,235,191,17,https://www.scrapethissite.com/pages/forms/?page_num=17
Montreal Canadiens,2006,42,34,0.512,245,256,17,https://www.scrapethissite.com/pages/forms/?page_num=17
Nashville Predators,2006,51,23,0.622,272,212,17,https://www.scrapethissite.com/pages/forms/?page_num=17
New Jersey Devils,2006,49,24,0.598,216,201,17,https://www.scrapethissite.com/pages/forms/?page_num=17
New York Islanders,2006,40,30,0.488,248,240,17,https://www.scrapethissite.com/pages/forms/?page_num=17
New York Rangers,2006,42,30,0.512,242,216,17,https://www.scrapethissite.com/pages/forms/?page_num=17
Ottawa Senators,2006,48,25,0.585,288,222,17,https://www.scrapethissite.com/pages/forms/?page_num=17
Philadelphia Flyers,2006,22,48,0.268,214,303,17,https://www.scrapethissite.com/pages/forms/?page_num=17
Phoenix Coyotes,2006,31,46,0.378,216,284,17,https://www.scrapethissite.com/pages/forms/?page_num=17
Pittsburgh Penguins,2006,47,24,0.573,277,246,18,https://www.scrapethissite.com/pages/forms/?page_num=18
San Jose Sharks,2006,51,26,0.622,258,199,18,https://www.scrapethissite.com/pages/forms/?page_num=18
St. Louis Blues,2006,34,35,0.415,214,254,18,https://www.scrapethissite.com/pages/forms/?page_num=18
Tampa Bay Lightning,2006,44,33,0.537,253,261,18,https://www.scrapethissite.com/pages/forms/?page_num=18
Toronto Maple Leafs,2006,40,31,0.488,258,269,18,https://www.scrapethissite.com/pages/forms/?page_num=18
Vancouver Canucks,2006,49,26,0.598,222,201,18,https://www.scrapethissite.com/pages/forms/?page_num=18
Washington Capitals,2006,28,40,0.341,235,286,18,https://www.scrapethissite.com/pages/forms/?page_num=18
Anaheim Ducks,2007,47,27,0.573,205,191,18,https://www.scrapethissite.com/pages/forms/?page_num=18
Atlanta Thrashers,2007,34,40,0.415,216,272,18,https://www.scrapethissite.com/pages/forms/?page_num=18
Boston Bruins,2007,41,29,0.5,212,222,18,https://www.scrapethissite.com/pages/forms/?page_num=18
Buffalo Sabres,2007,39,31,0.476,255,242,18,https://www.scrapethissite.com/pages/forms/?page_num=18
Calgary Flames,2007,42,30,0.512,229,227,18,https://www.scrapethissite.com/pages/forms/?page_num=18
Carolina Hurricanes,2007,43,33,0.524,252,249,18,https://www.scrapethissite.com/pages/forms/?page_num=18
Columbus Blue Jackets,2007,34,36,0.415,193,218,18,https://www.scrapethissite.com/pages/forms/?page_num=18
Chicago Blackhawks,2007,40,34,0.488,239,235,18,https://www.scrapethissite.com/pages/forms/?page_num=18
Colorado Avalanche,2007,44,31,0.537,231,219,18,https://www.scrapethissite.com/pages/forms/?page_num=18
Dallas Stars,2007,45,30,0.549,242,207,18,https://www.scrapethissite.com/pages/forms/?page_num=18
Detroit Red Wings,2007,54,21,0.659,257,184,18,https://www.scrapethissite.com/pages/forms/?page_num=18
Edmonton Oilers,2007,41,35,0.5,235,251,18,https://www.scrapethissite.com/pages/forms/?page_num=18
Florida Panthers,2007,38,35,0.463,216,226,18,https://www.scrapethissite.com/pages/forms/?page_num=18
Los Angeles Kings,2007,32,43,0.39,231,266,18,https://www.scrapethissite.com/pages/forms/?page_num=18
Minnesota Wild,2007,44,28,0.537,223,218,18,https://www.scrapethissite.com/pages/forms/?page_num=18
Montreal Canadiens,2007,47,25,0.573,262,222,18,https://www.scrapethissite.com/pages/forms/?page_num=18
Nashville Predators,2007,41,32,0.5,230,229,18,https://www.scrapethissite.com/pages/forms/?page_num=18
New Jersey Devils,2007,46,29,0.561,206,197,18,https://www.scrapethissite.com/pages/forms/?page_num=18
New York Islanders,2007,35,38,0.427,194,243,19,https://www.scrapethissite.com/pages/forms/?page_num=19
New York Rangers,2007,42,27,0.512,213,199,19,https://www.scrapethissite.com/pages/forms/?page_num=19
Ottawa Senators,2007,43,31,0.524,261,247,19,https://www.scrapethissite.com/pages/forms/?page_num=19
Philadelphia Flyers,2007,42,29,0.512,248,233,19,https://www.scrapethissite.com/pages/forms/?page_num=19
Phoenix Coyotes,2007,38,37,0.463,214,231,19,https://www.scrapethissite.com/pages/forms/?page_num=19
Pittsburgh Penguins,2007,47,27,0.573,247,216,19,https://www.scrapethissite.com/pages/forms/?page_num=19
San Jose Sharks,2007,49,23,0.598,222,193,19,https://www.scrapethissite.com/pages/forms/?page_num=19
St. Louis Blues,2007,33,36,0.402,205,237,19,https://www.scrapethissite.com/pages/forms/?page_num=19
Tampa Bay Lightning,2007,31,42,0.378,223,267,19,https://www.scrapethissite.com/pages/forms/?page_num=19
Toronto Maple Leafs,2007,36,35,0.439,231,260,19,https://www.scrapethissite.com/pages/forms/?page_num=19
Vancouver Canucks,2007,39,33,0.476,213,215,19,https://www.scrapethissite.com/pages/forms/?page_num=19
Washington Capitals,2007,43,31,0.524,242,231,19,https://www.scrapethissite.com/pages/forms/?page_num=19
Anaheim Ducks,2008,42,33,0.512,245,238,19,https://www.scrapethissite.com/pages/forms/?page_num=19
Atlanta Thrashers,2008,35,41,0.427,257,280,19,https://www.scrapethissite.com/pages/forms/?page_num=19
Boston Bruins,2008,53,19,0.646,274,196,19,https://www.scrapethissite.com/pages/forms/?page_num=19
Buffalo Sabres,2008,41,32,0.5,250,234,19,https://www.scrapethissite.com/pages/forms/?page_num=19
Calgary Flames,2008,46,30,0.561,254,248,19,https://www.scrapethissite.com/pages/forms/?page_num=19
Carolina Hurricanes,2008,45,30,0.549,239,226,19,https://www.scrapethissite.com/pages/forms/?page_num=19
Columbus Blue Jackets,2008,41,31,0.5,226,230,19,https://www.scrapethissite.com/pages/forms/?page_num=19
Chicago Blackhawks,2008,46,24,0.561,264,216,19,https://www.scrapethissite.com/pages/forms/?page_num=19
Colorado Avalanche,2008,32,45,0.39,199,257,19,https://www.scrapethissite.com/pages/forms/?page_num=19
Dallas Stars,2008,36,35,0.439,230,257,19,https://www.scrapethissite.com/pages/forms/?page_num=19
Detroit Red Wings,2008,51,21,0.622,295,244,19,https://www.scrapethissite.com/pages/forms/?page_num=19
Edmonton Oilers,2008,38,35,0.463,234,248,19,https://www.scrapethissite.com/pages/forms/?page_num=19
Florida Panthers,2008,41,30,0.5,234,231,19,https://www.scrapethissite.com/pages/forms/?page_num=19
Los Angeles Kings,2008,34,37,0.415,207,234,20,https://www.scrapethissite.com/pages/forms/?page_num=20
Minnesota Wild,2008,40,33,0.488,219,200,20,https://www.scrapethissite.com/pages/forms/?page_num=20
Montreal Canadiens,2008,41,30,0.5,249,247,20,https://www.scrapethissite.com/pages/forms/?page_num=20
Nashville Predators,2008,40,34,0.488,213,233,20,https://www.scrapethissite.com/pages/forms/?page_num=20
New Jersey Devils,2008,51,27,0.622,244,209,20,https://www.scrapethissite.com/pages/forms/?page_num=20
New York Islanders,2008,26,47,0.317,201,279,20,https://www.scrapethissite.com/pages/forms/?page_num=20
New York Rangers,2008,43,30,0.524,210,218,20,https://www.scrapethissite.com/pages/forms/?page_num=20
Ottawa Senators,2008,36,35,0.439,217,237,20,https://www.scrapethissite.com/pages/forms/?page_num=20
Philadelphia Flyers,2008,44,27,0.537,264,238,20,https://www.scrapethissite.com/pages/forms/?page_num=20
Phoenix Coyotes,2008,36,39,0.439,208,252,20,https://www.scrapethissite.com/pages/forms/?page_num=20
Pittsburgh Penguins,2008,45,28,0.549,264,239,20,https://www.scrapethissite.com/pages/forms/?page_num=20
San Jose Sharks,2008,53,18,0.646,257,204,20,https://www.scrapethissite.com/pages/forms/?page_num=20
St. Louis Blues,2008,41,31,0.5,233,233,20,https://www.scrapethissite.com/pages/forms/?page_num=20
Tampa Bay Lightning,2008,24,40,0.293,210,279,20,https://www.scrapethissite.com/pages/forms/?page_num=20
Toronto Maple Leafs,2008,34,35,0.415,250,293,20,https://www.scrapethissite.com/pages/forms/?page_num=20
Vancouver Canucks,2008,45,27,0.549,246,220,20,https://www.scrapethissite.com/pages/forms/?page_num=20
Washington Capitals,2008,50,24,0.61,272,245,20,https://www.scrapethissite.com/pages/forms/?page_num=20
Anaheim Ducks,2009,39,32,0.476,238,251,20,https://www.scrapethissite.com/pages/forms/?page_num=20
Atlanta Thrashers,2009,35,34,0.427,234,256,20,https://www.scrapethissite.com/pages/forms/?page_num=20
Boston Bruins,2009,39,30,0.476,206,200,20,https://www.scrapethissite.com/pages/forms/?page_num=20
Buffalo Sabres,2009,45,27,0.549,235,207,20,https://www.scrapethissite.com/pages/forms/?page_num=20
Calgary Flames,2009,40,32,0.488,204,210,20,https://www.scrapethissite.com/pages/forms/?page_num=20
Carolina Hurricanes,2009,35,37,0.427,230,256,20,https://www.scrapethissite.com/pages/forms/?page_num=20
Columbus Blue Jackets,2009,32,35,0.39,216,259,20,https://www.scrapethissite.com/pages/forms/?page_num=20
Chicago Blackhawks,2009,52,22,0.634,271,209,20,https://www.scrapethissite.com/pages/forms/?page_num=20
Colorado Avalanche,2009,43,30,0.524,244,233,21,https://www.scrapethissite.com/pages/forms/?page_num=21
Dallas Stars,2009,37,31,0.451,237,254,21,https://www.scrapethissite.com/pages/forms/?page_num=21
Detroit Red Wings,2009,44,24,0.537,229,216,21,https://www.scrapethissite.com/pages/forms/?page_num=21
Edmonton Oilers,2009,27,47,0.329,214,284,21,https://www.scrapethissite.com/pages/forms/?page_num=21
Florida Panthers,2009,32,37,0.39,208,244,21,https://www.scrapethissite.com/pages/forms/?page_num=21
Los Angeles Kings,2009,46,27,0.561,241,219,21,https://www.scrapethissite.com/pages/forms/?page_num=21
Minnesota Wild,2009,38,36,0.463,219,246,21,https://www.scrapethissite.com/pages/forms/?page_num=21
Montreal Canadiens,2009,39,33,0.476,217,223,21,https://www.scrapethissite.com/pages/forms/?page_num=21
Nashville Predators,2009,47,29,0.573,225,225,21,https://www.scrapethissite.com/pages/forms/?page_num=21
New Jersey Devils,2009,48,27,0.585,222,191,21,https://www.scrapethissite.com/pages/forms/?page_num=21
New York Islanders,2009,34,37,0.415,222,264,21,https://www.scrapethissite.com/pages/forms/?page_num=21
New York Rangers,2009,38,33,0.463,222,218,21,https://www.scrapethissite.com/pages/forms/?page_num=21
Ottawa Senators,2009,44,32,0.537,225,238,21,https://www.scrapethissite.com/pages/forms/?page_num=21
Philadelphia Flyers,2009,41,35,0.5,236,225,21,https://www.scrapethissite.com/pages/forms/?page_num=21
Phoenix Coyotes,2009,50,25,0.61,225,202,21,https://www.scrapethissite.com/pages/forms/?page_num=21
Pittsburgh Penguins,2009,47,28,0.573,257,237,21,https://www.scrapethissite.com/pages/forms/?page_num=21
San Jose Sharks,2009,51,20,0.622,264,215,21,https://www.scrapethissite.com/pages/forms/?page_num=21
St. Louis Blues,2009,40,32,0.488,225,223,21,https://www.scrapethissite.com/pages/forms/?page_num=21
Tampa Bay Lightning,2009,34,36,0.415,217,260,21,https://www.scrapethissite.com/pages/forms/?page_num=21
Toronto Maple Leafs,2009,30,38,0.366,214,267,21,https://www.scrapethissite.com/pages/forms/?page_num=21
Vancouver Canucks,2009,49,28,0.598,272,222,21,https://www.scrapethissite.com/pages/forms/?page_num=21
Washington Capitals,2009,54,15,0.659,318,233,21,https://www.scrapethissite.com/pages/forms/?page_num=21
Anaheim Ducks,2010,47,30,0.573,239,235,21,https://www.scrapethissite.com/pages/forms/?page_num=21
Atlanta Thrashers,2010,34,36,0.415,223,269,21,https://www.scrapethissite.com/pages/forms/?page_num=21
Boston Bruins,2010,46,25,0.561,246,195,21,https://www.scrapethissite.com/pages/forms/?page_num=21
Buffalo Sabres,2010,43,29,0.524,245,229,22,https://www.scrapethissite.com/pages/forms/?page_num=22
Calgary Flames,2010,41,29,0.5,250,237,22,https://www.scrapethissite.com/pages/forms/?page_num=22
Carolina Hurricanes,2010,40,31,0.488,236,239,22,https://www.scrapethissite.com/pages/forms/?page_num=22
Columbus Blue Jackets,2010,34,35,0.415,215,258,22,https://www.scrapethissite.com/pages/forms/?page_num=22
Chicago Blackhawks,2010,44,29,0.537,258,225,22,https://www.scrapethissite.com/pages/forms/?page_num=22
Colorado Avalanche,2010,30,44,0.366,227,288,22,https://www.scrapethissite.com/pages/forms/?page_num=22
Dallas Stars,2010,42,29,0.512,227,233,22,https://www.scrapethissite.com/pages/forms/?page_num=22
Detroit Red Wings,2010,47,25,0.573,261,241,22,https://www.scrapethissite.com/pages/forms/?page_num=22
Edmonton Oilers,2010,25,45,0.305,193,269,22,https://www.scrapethissite.com/pages/forms/?page_num=22
Florida Panthers,2010,30,40,0.366,195,229,22,https://www.scrapethissite.com/pages/forms/?page_num=22
Los Angeles Kings,2010,46,30,0.561,219,198,22,https://www.scrapethissite.com/pages/forms/?page_num=22
Minnesota Wild,2010,39,35,0.476,206,233,22,https://www.scrapethissite.com/pages/forms/?page_num=22
Montreal Canadiens,2010,44,30,0.537,216,209,22,https://www.scrapethissite.com/pages/forms/?page_num=22
Nashville Predators,2010,44,27,0.537,219,194,22,https://www.scrapethissite.com/pages/forms/?page_num=22
New Jersey Devils,2010,38,39,0.463,174,209,22,https://www.scrapethissite.com/pages/forms/?page_num=22
New York Islanders,2010,30,39,0.366,229,264,22,https://www.scrapethissite.com/pages/forms/?page_num=22
New York Rangers,2010,44,33,0.537,233,198,22,https://www.scrapethissite.com/pages/forms/?page_num=22
Ottawa Senators,2010,32,40,0.39,192,250,22,https://www.scrapethissite.com/pages/forms/?page_num=22
Philadelphia Flyers,2010,47,23,0.573,259,223,22,https://www.scrapethissite.com/pages/forms/?page_num=22
Phoenix Coyotes,2010,43,26,0.524,231,226,22,https://www.scrapethissite.com/pages/forms/?page_num=22
Pittsburgh Penguins,2010,49,25,0.598,238,199,22,https://www.scrapethissite.com/pages/forms/?page_num=22
San Jose Sharks,2010,48,25,0.585,248,213,22,https://www.scrapethissite.com/pages/forms/?page_num=22
St. Louis Blues,2010,38,33,0.463,240,234,22,https://www.scrapethissite.com/pages/forms/?page_num=22
Tampa Bay Lightning,2010,46,25,0.561,247,240,22,https://www.scrapethissite.com/pages/forms/?page_num=22
Toronto Maple Leafs,2010,37,34,0.451,218,251,22,https://www.scrapethissite.com/pages/forms/?page_num=22
Vancouver Canucks,2010,54,19,0.659,262,185,23,https://www.scrapethissite.com/pages/forms/?page_num=23
Washington Capitals,2010,48,23,0.585,224,197,23,https://www.scrapethissite.com/pages/forms/?page_num=23
Anaheim Ducks,2011,34,36,0.415,204,231,23,https://www.scrapethissite.com/pages/forms/?page_num=23
Boston Bruins,2011,49,29,0.598,269,202,23,https://www.scrapethissite.com/pages/forms/?page_num=23
Buffalo Sabres,2011,39,32,0.476,218,230,23,https://www.scrapethissite.com/pages/forms/?page_num=23
Calgary Flames,2011,37,29,0.451,202,226,23,https://www.scrapethissite.com/pages/forms/?page_num=23
Carolina Hurricanes,2011,33,33,0.402,213,243,23,https://www.scrapethissite.com/pages/forms/?page_num=23
Columbus Blue Jackets,2011,29,46,0.354,202,262,23,https://www.scrapethissite.com/pages/forms/?page_num=23
Chicago Blackhawks,2011,45,26,0.549,248,238,23,https://www.scrapethissite.com/pages/forms/?page_num=23
Colorado Avalanche,2011,41,35,0.5,208,220,23,https://www.scrapethissite.com/pages/forms/?page_num=23
Dallas Stars,2011,42,35,0.512,211,222,23,https://www.scrapethissite.com/pages/forms/?page_num=23
Detroit Red Wings,2011,48,28,0.585,248,203,23,https://www.scrapethissite.com/pages/forms/?page_num=23
Edmonton Oilers,2011,32,40,0.39,212,239,23,https://www.scrapethissite.com/pages/forms/?page_num=23
Florida Panthers,2011,38,26,0.463,203,227,23,https://www.scrapethissite.com/pages/forms/?page_num=23
Los Angeles Kings,2011,40,27,0.488,194,179,23,https://www.scrapethissite.com/pages/forms/?page_num=23
Minnesota Wild,2011,35,36,0.427,177,226,23,https://www.scrapethissite.com/pages/forms/?page_num=23
Montreal Canadiens,2011,31,35,0.378,212,226,23,https://www.scrapethissite.com/pages/forms/?page_num=23
Nashville Predators,2011,48,26,0.585,237,210,23,https://www.scrapethissite.com/pages/forms/?page_num=23
New Jersey Devils,2011,48,28,0.585,228,209,23,https://www.scrapethissite.com/pages/forms/?page_num=23
New York Islanders,2011,34,37,0.415,203,255,23,https://www.scrapethissite.com/pages/forms/?page_num=23
New York Rangers,2011,51,24,0.622,226,187,23,https://www.scrapethissite.com/pages/forms/?page_num=23
Ottawa Senators,2011,41,31,0.5,249,240,23,https://www.scrapethissite.com/pages/forms/?page_num=23
Philadelphia Flyers,2011,47,26,0.573,264,232,23,https://www.scrapethissite.com/pages/forms/?page_num=23
Phoenix Coyotes,2011,42,27,0.512,216,204,23,https://www.scrapethissite.com/pages/forms/?page_num=23
Pittsburgh Penguins,2011,51,25,0.622,282,221,23,https://www.scrapethissite.com/pages/forms/?page_num=23
San Jose Sharks,2011,43,29,0.524,228,210,24,https://www.scrapethissite.com/pages/forms/?page_num=24
St. Louis Blues,2011,49,22,0.598,210,165,24,https://www.scrapethissite.com/pages/forms/?page_num=24
Tampa Bay Lightning,2011,38,36,0.463,235,281,24,https://www.scrapethissite.com/pages/forms/?page_num=24
Toronto Maple Leafs,2011,35,37,0.427,231,264,24,https://www.scrapethissite.com/pages/forms/?page_num=24
Vancouver Canucks,2011,51,22,0.622,249,198,24,https://www.scrapethissite.com/pages/forms/?page_num=24
Washington Capitals,2011,42,32,0.512,222,230,24,https://www.scrapethissite.com/pages/forms/?page_num=24
Winnipeg Jets,2011,37,35,0.451,225,246,24,https://www.scrapethissite.com/pages/forms/?page_num=24
