observation_date,CUUR0000SEFJ
2014-01-01,219.362
2014-02-01,220.861
2014-03-01,223.063
2014-04-01,224.171
2014-05-01,225.491
2014-06-01,224.522
2014-07-01,225.140
2014-08-01,226.390
2014-09-01,227.604
2014-10-01,228.831
2014-11-01,228.412
2014-12-01,229.870
2015-01-01,227.800
2015-02-01,225.535
2015-03-01,224.449
2015-04-01,222.691
2015-05-01,221.039
2015-06-01,219.696
2015-07-01,221.443
2015-08-01,220.716
2015-09-01,222.310
2015-10-01,221.874
2015-11-01,220.613
2015-12-01,220.848
2016-01-01,220.869
2016-02-01,219.732
2016-03-01,218.131
2016-04-01,218.315
2016-05-01,216.122
2016-06-01,214.815
2016-07-01,214.605
2016-08-01,215.506
2016-09-01,216.693
2016-10-01,218.183
2016-11-01,216.773
2016-12-01,217.929
2017-01-01,219.804
2017-02-01,220.552
2017-03-01,218.567
2017-04-01,217.827
2017-05-01,217.015
2017-06-01,215.192
2017-07-01,216.434
2017-08-01,216.537
2017-09-01,216.564
2017-10-01,217.170
2017-11-01,216.878
2017-12-01,216.916
2018-01-01,217.897
2018-02-01,216.412
2018-03-01,216.497
2018-04-01,216.906
2018-05-01,215.659
2018-06-01,216.126
2018-07-01,215.622
2018-08-01,216.435
2018-09-01,216.638
2018-10-01,216.800
2018-11-01,215.896
2018-12-01,216.652
2019-01-01,217.079
2019-02-01,216.595
2019-03-01,217.531
2019-04-01,217.510
2019-05-01,217.841
2019-06-01,217.433
2019-07-01,217.626
2019-08-01,218.758
2019-09-01,219.771
2019-10-01,220.738
2019-11-01,221.515
2019-12-01,221.924
2020-01-01,223.035
2020-02-01,224.443
2020-03-01,225.627
2020-04-01,228.755
2020-05-01,230.166
2020-06-01,228.437
2020-07-01,227.114
2020-08-01,231.231
2020-09-01,230.656
2020-10-01,229.155
2020-11-01,229.503
2020-12-01,231.740
2021-01-01,231.546
2021-02-01,230.452
2021-03-01,229.249
2021-04-01,230.170
2021-05-01,230.380
2021-06-01,230.152
2021-07-01,231.233
2021-08-01,230.145
2021-09-01,231.973
2021-10-01,233.168
2021-11-01,233.157
2021-12-01,235.442
2022-01-01,238.675
2022-02-01,242.386
2022-03-01,245.258
2022-04-01,251.030
2022-05-01,257.678
2022-06-01,261.255
2022-07-01,265.638
2022-08-01,267.461
2022-09-01,268.793
2022-10-01,269.355
2022-11-01,271.307
2022-12-01,271.376
2023-01-01,272.040
2023-02-01,272.271
2023-03-01,271.384
2023-04-01,271.102
2023-05-01,269.573
2023-06-01,268.338
2023-07-01,269.143
2023-08-01,268.281
2023-09-01,268.377
2023-10-01,268.326
2023-11-01,267.609
2023-12-01,267.889
2024-01-01,268.941
2024-02-01,267.334
2024-03-01,266.274
2024-04-01,267.474
2024-05-01,266.749
2024-06-01,268.098
2024-07-01,268.653
2024-08-01,269.468
2024-09-01,269.643
2024-10-01,271.695
2024-11-01,270.819
2024-12-01,271.358
