observation_date,CUUR0000SAF113
2014-01-01,292.095
2014-02-01,292.540
2014-03-01,292.944
2014-04-01,294.509
2014-05-01,298.626
2014-06-01,295.139
2014-07-01,293.535
2014-08-01,291.169
2014-09-01,293.282
2014-10-01,297.528
2014-11-01,293.978
2014-12-01,297.429
2015-01-01,298.781
2015-02-01,295.686
2015-03-01,289.858
2015-04-01,290.178
2015-05-01,293.011
2015-06-01,288.968
2015-07-01,287.816
2015-08-01,291.344
2015-09-01,295.394
2015-10-01,297.931
2015-11-01,298.037
2015-12-01,299.078
2016-01-01,306.796
2016-02-01,306.778
2016-03-01,298.162
2016-04-01,296.217
2016-05-01,295.974
2016-06-01,292.733
2016-07-01,291.960
2016-08-01,292.156
2016-09-01,293.423
2016-10-01,295.616
2016-11-01,293.554
2016-12-01,291.957
2017-01-01,291.679
2017-02-01,292.222
2017-03-01,292.932
2017-04-01,298.164
2017-05-01,298.470
2017-06-01,294.788
2017-07-01,294.935
2017-08-01,295.009
2017-09-01,297.047
2017-10-01,299.700
2017-11-01,296.791
2017-12-01,296.476
2018-01-01,301.814
2018-02-01,298.503
2018-03-01,293.870
2018-04-01,296.863
2018-05-01,297.211
2018-06-01,295.523
2018-07-01,297.632
2018-08-01,297.644
2018-09-01,298.432
2018-10-01,298.531
2018-11-01,296.362
2018-12-01,301.134
2019-01-01,304.605
2019-02-01,304.621
2019-03-01,305.399
2019-04-01,303.503
2019-05-01,302.352
2019-06-01,298.611
2019-07-01,299.350
2019-08-01,298.600
2019-09-01,297.309
2019-10-01,301.318
2019-11-01,297.472
2019-12-01,297.105
2020-01-01,301.679
2020-02-01,299.817
2020-03-01,299.641
2020-04-01,304.809
2020-05-01,306.798
2020-06-01,305.393
2020-07-01,306.123
2020-08-01,306.754
2020-09-01,306.249
2020-10-01,309.071
2020-11-01,306.311
2020-12-01,306.506
2021-01-01,309.954
2021-02-01,309.993
2021-03-01,311.168
2021-04-01,314.973
2021-05-01,315.748
2021-06-01,315.211
2021-07-01,312.875
2021-08-01,313.672
2021-09-01,315.428
2021-10-01,318.316
2021-11-01,318.436
2021-12-01,321.931
2022-01-01,327.451
2022-02-01,333.675
2022-03-01,337.503
2022-04-01,339.385
2022-05-01,341.594
2022-06-01,340.594
2022-07-01,341.839
2022-08-01,343.221
2022-09-01,348.173
2022-10-01,348.021
2022-11-01,349.462
2022-12-01,349.134
2023-01-01,351.029
2023-02-01,351.249
2023-03-01,345.814
2023-04-01,346.269
2023-05-01,350.986
2023-06-01,350.724
2023-07-01,351.646
2023-08-01,350.428
2023-09-01,351.020
2023-10-01,351.952
2023-11-01,350.736
2023-12-01,350.250
2024-01-01,354.798
2024-02-01,353.965
2024-03-01,352.841
2024-04-01,352.274
2024-05-01,353.084
2024-06-01,348.901
2024-07-01,350.962
2024-08-01,349.599
2024-09-01,353.508
2024-10-01,355.292
2024-11-01,354.696
2024-12-01,353.630
