team,year,wins,losses,win_pct,goals_for,goals_against,page_number,source_url,goal_diff
Boston Bruins,1990,44,24,0.55,299,264,1,https://www.scrapethissite.com/pages/forms/?page_num=1,35
Buffalo Sabres,1990,31,30,0.388,292,278,1,https://www.scrapethissite.com/pages/forms/?page_num=1,14
Calgary Flames,1990,46,26,0.5750000000000001,344,263,1,https://www.scrapethissite.com/pages/forms/?page_num=1,81
Chicago Blackhawks,1990,49,23,0.613,284,211,1,https://www.scrapethissite.com/pages/forms/?page_num=1,73
Detroit Red Wings,1990,34,38,0.42500000000000004,273,298,1,https://www.scrapethissite.com/pages/forms/?page_num=1,-25
Edmonton Oilers,1990,37,37,0.463,272,272,1,https://www.scrapethissite.com/pages/forms/?page_num=1,0
Hartford Whalers,1990,31,38,0.388,238,276,1,https://www.scrapethissite.com/pages/forms/?page_num=1,-38
Los Angeles Kings,1990,46,24,0.5750000000000001,340,254,1,https://www.scrapethissite.com/pages/forms/?page_num=1,86
Minnesota North Stars,1990,27,39,0.33799999999999997,256,266,1,https://www.scrapethissite.com/pages/forms/?page_num=1,-10
Montreal Canadiens,1990,39,30,0.48700000000000004,273,249,1,https://www.scrapethissite.com/pages/forms/?page_num=1,24
New Jersey Devils,1990,32,33,0.4,272,264,1,https://www.scrapethissite.com/pages/forms/?page_num=1,8
New York Islanders,1990,25,45,0.312,223,290,1,https://www.scrapethissite.com/pages/forms/?page_num=1,-67
New York Rangers,1990,36,31,0.45,297,265,1,https://www.scrapethissite.com/pages/forms/?page_num=1,32
Philadelphia Flyers,1990,33,37,0.41200000000000003,252,267,1,https://www.scrapethissite.com/pages/forms/?page_num=1,-15
Pittsburgh Penguins,1990,41,33,0.512,342,305,1,https://www.scrapethissite.com/pages/forms/?page_num=1,37
Quebec Nordiques,1990,16,50,0.2,236,354,1,https://www.scrapethissite.com/pages/forms/?page_num=1,-118
St. Louis Blues,1990,47,22,0.588,310,250,1,https://www.scrapethissite.com/pages/forms/?page_num=1,60
Toronto Maple Leafs,1990,23,46,0.28700000000000003,241,318,1,https://www.scrapethissite.com/pages/forms/?page_num=1,-77
Vancouver Canucks,1990,28,43,0.35,243,315,1,https://www.scrapethissite.com/pages/forms/?page_num=1,-72
Washington Capitals,1990,37,36,0.463,258,258,1,https://www.scrapethissite.com/pages/forms/?page_num=1,0
Winnipeg Jets,1990,26,43,0.325,260,288,1,https://www.scrapethissite.com/pages/forms/?page_num=1,-28
Boston Bruins,1991,36,32,0.45,270,275,1,https://www.scrapethissite.com/pages/forms/?page_num=1,-5
Buffalo Sabres,1991,31,37,0.388,289,299,1,https://www.scrapethissite.com/pages/forms/?page_num=1,-10
Calgary Flames,1991,31,37,0.388,296,305,1,https://www.scrapethissite.com/pages/forms/?page_num=1,-9
Chicago Blackhawks,1991,36,29,0.45,257,236,1,https://www.scrapethissite.com/pages/forms/?page_num=1,21
Detroit Red Wings,1991,43,25,0.537,320,256,2,https://www.scrapethissite.com/pages/forms/?page_num=2,64
Edmonton Oilers,1991,36,34,0.45,295,297,2,https://www.scrapethissite.com/pages/forms/?page_num=2,-2
Hartford Whalers,1991,26,41,0.325,247,283,2,https://www.scrapethissite.com/pages/forms/?page_num=2,-36
Los Angeles Kings,1991,35,31,0.43800000000000006,287,296,2,https://www.scrapethissite.com/pages/forms/?page_num=2,-9
Minnesota North Stars,1991,32,42,0.4,246,278,2,https://www.scrapethissite.com/pages/forms/?page_num=2,-32
Montreal Canadiens,1991,41,28,0.512,267,207,2,https://www.scrapethissite.com/pages/forms/?page_num=2,60
New Jersey Devils,1991,38,31,0.47500000000000003,289,259,2,https://www.scrapethissite.com/pages/forms/?page_num=2,30
New York Islanders,1991,34,35,0.42500000000000004,291,299,2,https://www.scrapethissite.com/pages/forms/?page_num=2,-8
New York Rangers,1991,50,25,0.625,321,246,2,https://www.scrapethissite.com/pages/forms/?page_num=2,75
Philadelphia Flyers,1991,32,37,0.4,252,273,2,https://www.scrapethissite.com/pages/forms/?page_num=2,-21
Pittsburgh Penguins,1991,39,32,0.48700000000000004,343,308,2,https://www.scrapethissite.com/pages/forms/?page_num=2,35
Quebec Nordiques,1991,20,48,0.25,255,318,2,https://www.scrapethissite.com/pages/forms/?page_num=2,-63
San Jose Sharks,1991,17,58,0.21200000000000002,219,359,2,https://www.scrapethissite.com/pages/forms/?page_num=2,-140
St. Louis Blues,1991,36,33,0.45,279,266,2,https://www.scrapethissite.com/pages/forms/?page_num=2,13
Toronto Maple Leafs,1991,30,43,0.375,234,294,2,https://www.scrapethissite.com/pages/forms/?page_num=2,-60
Vancouver Canucks,1991,42,26,0.525,285,250,2,https://www.scrapethissite.com/pages/forms/?page_num=2,35
Washington Capitals,1991,45,27,0.562,330,275,2,https://www.scrapethissite.com/pages/forms/?page_num=2,55
Winnipeg Jets,1991,33,32,0.41200000000000003,251,244,2,https://www.scrapethissite.com/pages/forms/?page_num=2,7
Boston Bruins,1992,51,26,0.607,332,268,2,https://www.scrapethissite.com/pages/forms/?page_num=2,64
Buffalo Sabres,1992,38,36,0.452,335,297,2,https://www.scrapethissite.com/pages/forms/?page_num=2,38
Calgary Flames,1992,43,30,0.512,322,282,2,https://www.scrapethissite.com/pages/forms/?page_num=2,40
Chicago Blackhawks,1992,47,25,0.56,279,230,2,https://www.scrapethissite.com/pages/forms/?page_num=2,49
Detroit Red Wings,1992,47,28,0.56,369,280,2,https://www.scrapethissite.com/pages/forms/?page_num=2,89
Edmonton Oilers,1992,26,50,0.31,242,337,2,https://www.scrapethissite.com/pages/forms/?page_num=2,-95
Hartford Whalers,1992,26,52,0.31,284,369,2,https://www.scrapethissite.com/pages/forms/?page_num=2,-85
Los Angeles Kings,1992,39,35,0.464,338,340,3,https://www.scrapethissite.com/pages/forms/?page_num=3,-2
Minnesota North Stars,1992,36,38,0.42900000000000005,272,293,3,https://www.scrapethissite.com/pages/forms/?page_num=3,-21
Montreal Canadiens,1992,48,30,0.5710000000000001,326,280,3,https://www.scrapethissite.com/pages/forms/?page_num=3,46
New Jersey Devils,1992,40,37,0.47600000000000003,308,299,3,https://www.scrapethissite.com/pages/forms/?page_num=3,9
New York Islanders,1992,40,37,0.47600000000000003,335,297,3,https://www.scrapethissite.com/pages/forms/?page_num=3,38
New York Rangers,1992,34,39,0.405,304,308,3,https://www.scrapethissite.com/pages/forms/?page_num=3,-4
Ottawa Senators,1992,10,70,0.119,202,395,3,https://www.scrapethissite.com/pages/forms/?page_num=3,-193
Philadelphia Flyers,1992,36,37,0.42900000000000005,319,319,3,https://www.scrapethissite.com/pages/forms/?page_num=3,0
Pittsburgh Penguins,1992,56,21,0.6669999999999999,367,268,3,https://www.scrapethissite.com/pages/forms/?page_num=3,99
Quebec Nordiques,1992,47,27,0.56,351,300,3,https://www.scrapethissite.com/pages/forms/?page_num=3,51
San Jose Sharks,1992,11,71,0.131,218,414,3,https://www.scrapethissite.com/pages/forms/?page_num=3,-196
St. Louis Blues,1992,37,36,0.44,282,278,3,https://www.scrapethissite.com/pages/forms/?page_num=3,4
Tampa Bay Lightning,1992,23,54,0.274,245,332,3,https://www.scrapethissite.com/pages/forms/?page_num=3,-87
Toronto Maple Leafs,1992,44,29,0.524,288,241,3,https://www.scrapethissite.com/pages/forms/?page_num=3,47
Vancouver Canucks,1992,46,29,0.548,346,278,3,https://www.scrapethissite.com/pages/forms/?page_num=3,68
Washington Capitals,1992,43,34,0.512,325,286,3,https://www.scrapethissite.com/pages/forms/?page_num=3,39
Winnipeg Jets,1992,40,37,0.47600000000000003,322,320,3,https://www.scrapethissite.com/pages/forms/?page_num=3,2
Mighty Ducks of Anaheim,1993,33,46,0.393,229,251,3,https://www.scrapethissite.com/pages/forms/?page_num=3,-22
Boston Bruins,1993,42,29,0.5,289,252,3,https://www.scrapethissite.com/pages/forms/?page_num=3,37
Buffalo Sabres,1993,43,32,0.512,282,218,3,https://www.scrapethissite.com/pages/forms/?page_num=3,64
Calgary Flames,1993,42,29,0.5,302,256,3,https://www.scrapethissite.com/pages/forms/?page_num=3,46
Chicago Blackhawks,1993,39,36,0.464,254,240,3,https://www.scrapethissite.com/pages/forms/?page_num=3,14
Dallas Stars,1993,42,29,0.5,286,265,3,https://www.scrapethissite.com/pages/forms/?page_num=3,21
Detroit Red Wings,1993,46,30,0.548,356,275,3,https://www.scrapethissite.com/pages/forms/?page_num=3,81
Edmonton Oilers,1993,25,45,0.29800000000000004,261,305,3,https://www.scrapethissite.com/pages/forms/?page_num=3,-44
Florida Panthers,1993,33,34,0.393,233,233,4,https://www.scrapethissite.com/pages/forms/?page_num=4,0
Hartford Whalers,1993,27,48,0.321,227,288,4,https://www.scrapethissite.com/pages/forms/?page_num=4,-61
Los Angeles Kings,1993,27,45,0.321,294,322,4,https://www.scrapethissite.com/pages/forms/?page_num=4,-28
Montreal Canadiens,1993,41,29,0.48800000000000004,283,248,4,https://www.scrapethissite.com/pages/forms/?page_num=4,35
New Jersey Devils,1993,47,25,0.56,306,220,4,https://www.scrapethissite.com/pages/forms/?page_num=4,86
New York Islanders,1993,36,36,0.42900000000000005,282,264,4,https://www.scrapethissite.com/pages/forms/?page_num=4,18
New York Rangers,1993,52,24,0.619,299,231,4,https://www.scrapethissite.com/pages/forms/?page_num=4,68
Ottawa Senators,1993,14,61,0.167,201,397,4,https://www.scrapethissite.com/pages/forms/?page_num=4,-196
Philadelphia Flyers,1993,35,39,0.41700000000000004,294,314,4,https://www.scrapethissite.com/pages/forms/?page_num=4,-20
Pittsburgh Penguins,1993,44,27,0.524,299,285,4,https://www.scrapethissite.com/pages/forms/?page_num=4,14
Quebec Nordiques,1993,34,42,0.405,277,292,4,https://www.scrapethissite.com/pages/forms/?page_num=4,-15
San Jose Sharks,1993,33,35,0.393,252,265,4,https://www.scrapethissite.com/pages/forms/?page_num=4,-13
St. Louis Blues,1993,40,33,0.47600000000000003,270,283,4,https://www.scrapethissite.com/pages/forms/?page_num=4,-13
Tampa Bay Lightning,1993,30,43,0.357,224,251,4,https://www.scrapethissite.com/pages/forms/?page_num=4,-27
Toronto Maple Leafs,1993,43,29,0.512,280,243,4,https://www.scrapethissite.com/pages/forms/?page_num=4,37
Vancouver Canucks,1993,41,40,0.48800000000000004,279,276,4,https://www.scrapethissite.com/pages/forms/?page_num=4,3
Washington Capitals,1993,39,35,0.464,277,263,4,https://www.scrapethissite.com/pages/forms/?page_num=4,14
Winnipeg Jets,1993,24,51,0.28600000000000003,245,344,4,https://www.scrapethissite.com/pages/forms/?page_num=4,-99
Mighty Ducks of Anaheim,1994,16,27,0.33299999999999996,125,164,4,https://www.scrapethissite.com/pages/forms/?page_num=4,-39
Boston Bruins,1994,27,18,0.562,150,127,4,https://www.scrapethissite.com/pages/forms/?page_num=4,23
Buffalo Sabres,1994,22,19,0.458,130,119,4,https://www.scrapethissite.com/pages/forms/?page_num=4,11
Calgary Flames,1994,24,17,0.5,163,135,4,https://www.scrapethissite.com/pages/forms/?page_num=4,28
Chicago Blackhawks,1994,24,19,0.5,156,115,4,https://www.scrapethissite.com/pages/forms/?page_num=4,41
Dallas Stars,1994,17,23,0.354,136,135,4,https://www.scrapethissite.com/pages/forms/?page_num=4,1
Detroit Red Wings,1994,33,11,0.688,180,117,4,https://www.scrapethissite.com/pages/forms/?page_num=4,63
Edmonton Oilers,1994,17,27,0.354,136,183,5,https://www.scrapethissite.com/pages/forms/?page_num=5,-47
Florida Panthers,1994,20,22,0.41700000000000004,115,127,5,https://www.scrapethissite.com/pages/forms/?page_num=5,-12
Hartford Whalers,1994,19,24,0.396,127,141,5,https://www.scrapethissite.com/pages/forms/?page_num=5,-14
Los Angeles Kings,1994,16,23,0.33299999999999996,142,174,5,https://www.scrapethissite.com/pages/forms/?page_num=5,-32
Montreal Canadiens,1994,18,23,0.375,125,148,5,https://www.scrapethissite.com/pages/forms/?page_num=5,-23
New Jersey Devils,1994,22,18,0.458,136,121,5,https://www.scrapethissite.com/pages/forms/?page_num=5,15
New York Islanders,1994,15,28,0.312,126,158,5,https://www.scrapethissite.com/pages/forms/?page_num=5,-32
New York Rangers,1994,22,23,0.458,139,134,5,https://www.scrapethissite.com/pages/forms/?page_num=5,5
Ottawa Senators,1994,9,34,0.188,117,174,5,https://www.scrapethissite.com/pages/forms/?page_num=5,-57
Philadelphia Flyers,1994,28,16,0.583,150,132,5,https://www.scrapethissite.com/pages/forms/?page_num=5,18
Pittsburgh Penguins,1994,29,16,0.604,181,158,5,https://www.scrapethissite.com/pages/forms/?page_num=5,23
Quebec Nordiques,1994,30,13,0.625,185,134,5,https://www.scrapethissite.com/pages/forms/?page_num=5,51
San Jose Sharks,1994,19,25,0.396,129,161,5,https://www.scrapethissite.com/pages/forms/?page_num=5,-32
St. Louis Blues,1994,28,15,0.583,178,135,5,https://www.scrapethissite.com/pages/forms/?page_num=5,43
Tampa Bay Lightning,1994,17,28,0.354,120,144,5,https://www.scrapethissite.com/pages/forms/?page_num=5,-24
Toronto Maple Leafs,1994,21,19,0.43800000000000006,135,146,5,https://www.scrapethissite.com/pages/forms/?page_num=5,-11
Vancouver Canucks,1994,18,18,0.375,153,148,5,https://www.scrapethissite.com/pages/forms/?page_num=5,5
Washington Capitals,1994,22,18,0.458,136,120,5,https://www.scrapethissite.com/pages/forms/?page_num=5,16
Winnipeg Jets,1994,16,25,0.33299999999999996,157,177,5,https://www.scrapethissite.com/pages/forms/?page_num=5,-20
Mighty Ducks of Anaheim,1995,35,39,0.42700000000000005,234,247,5,https://www.scrapethissite.com/pages/forms/?page_num=5,-13
Boston Bruins,1995,40,31,0.48800000000000004,282,269,5,https://www.scrapethissite.com/pages/forms/?page_num=5,13
Buffalo Sabres,1995,33,42,0.402,247,262,5,https://www.scrapethissite.com/pages/forms/?page_num=5,-15
Calgary Flames,1995,34,37,0.41500000000000004,241,240,5,https://www.scrapethissite.com/pages/forms/?page_num=5,1
Chicago Blackhawks,1995,40,28,0.48800000000000004,273,220,5,https://www.scrapethissite.com/pages/forms/?page_num=5,53
Colorado Avalanche,1995,47,25,0.5730000000000001,326,240,5,https://www.scrapethissite.com/pages/forms/?page_num=5,86
Dallas Stars,1995,26,42,0.317,227,280,6,https://www.scrapethissite.com/pages/forms/?page_num=6,-53
Detroit Red Wings,1995,62,13,0.756,325,181,6,https://www.scrapethissite.com/pages/forms/?page_num=6,144
Edmonton Oilers,1995,30,44,0.366,240,304,6,https://www.scrapethissite.com/pages/forms/?page_num=6,-64
Florida Panthers,1995,41,31,0.5,254,234,6,https://www.scrapethissite.com/pages/forms/?page_num=6,20
Hartford Whalers,1995,34,39,0.41500000000000004,237,259,6,https://www.scrapethissite.com/pages/forms/?page_num=6,-22
Los Angeles Kings,1995,24,40,0.29300000000000004,256,302,6,https://www.scrapethissite.com/pages/forms/?page_num=6,-46
Montreal Canadiens,1995,40,32,0.48800000000000004,265,248,6,https://www.scrapethissite.com/pages/forms/?page_num=6,17
New Jersey Devils,1995,37,33,0.451,215,202,6,https://www.scrapethissite.com/pages/forms/?page_num=6,13
New York Islanders,1995,22,50,0.268,229,315,6,https://www.scrapethissite.com/pages/forms/?page_num=6,-86
New York Rangers,1995,41,27,0.5,272,237,6,https://www.scrapethissite.com/pages/forms/?page_num=6,35
Ottawa Senators,1995,18,59,0.22,191,291,6,https://www.scrapethissite.com/pages/forms/?page_num=6,-100
Philadelphia Flyers,1995,45,24,0.549,282,208,6,https://www.scrapethissite.com/pages/forms/?page_num=6,74
Pittsburgh Penguins,1995,49,29,0.598,362,284,6,https://www.scrapethissite.com/pages/forms/?page_num=6,78
San Jose Sharks,1995,20,55,0.24400000000000002,252,357,6,https://www.scrapethissite.com/pages/forms/?page_num=6,-105
St. Louis Blues,1995,32,34,0.39,219,248,6,https://www.scrapethissite.com/pages/forms/?page_num=6,-29
Tampa Bay Lightning,1995,38,32,0.463,238,248,6,https://www.scrapethissite.com/pages/forms/?page_num=6,-10
Toronto Maple Leafs,1995,34,36,0.41500000000000004,247,252,6,https://www.scrapethissite.com/pages/forms/?page_num=6,-5
Vancouver Canucks,1995,32,35,0.39,278,278,6,https://www.scrapethissite.com/pages/forms/?page_num=6,0
Washington Capitals,1995,39,32,0.47600000000000003,234,204,6,https://www.scrapethissite.com/pages/forms/?page_num=6,30
Winnipeg Jets,1995,36,40,0.43900000000000006,275,291,6,https://www.scrapethissite.com/pages/forms/?page_num=6,-16
Mighty Ducks of Anaheim,1996,36,33,0.43900000000000006,245,233,6,https://www.scrapethissite.com/pages/forms/?page_num=6,12
Boston Bruins,1996,26,47,0.317,234,300,6,https://www.scrapethissite.com/pages/forms/?page_num=6,-66
Buffalo Sabres,1996,40,30,0.48800000000000004,237,208,6,https://www.scrapethissite.com/pages/forms/?page_num=6,29
Calgary Flames,1996,32,41,0.39,214,239,6,https://www.scrapethissite.com/pages/forms/?page_num=6,-25
Chicago Blackhawks,1996,34,35,0.41500000000000004,223,210,6,https://www.scrapethissite.com/pages/forms/?page_num=6,13
Colorado Avalanche,1996,49,24,0.598,277,205,7,https://www.scrapethissite.com/pages/forms/?page_num=7,72
Dallas Stars,1996,48,26,0.585,252,198,7,https://www.scrapethissite.com/pages/forms/?page_num=7,54
Detroit Red Wings,1996,38,26,0.463,253,197,7,https://www.scrapethissite.com/pages/forms/?page_num=7,56
Edmonton Oilers,1996,36,37,0.43900000000000006,252,247,7,https://www.scrapethissite.com/pages/forms/?page_num=7,5
Florida Panthers,1996,35,28,0.42700000000000005,221,201,7,https://www.scrapethissite.com/pages/forms/?page_num=7,20
Hartford Whalers,1996,32,39,0.39,226,256,7,https://www.scrapethissite.com/pages/forms/?page_num=7,-30
Los Angeles Kings,1996,28,43,0.34099999999999997,214,268,7,https://www.scrapethissite.com/pages/forms/?page_num=7,-54
Montreal Canadiens,1996,31,36,0.378,249,276,7,https://www.scrapethissite.com/pages/forms/?page_num=7,-27
New Jersey Devils,1996,45,23,0.549,231,182,7,https://www.scrapethissite.com/pages/forms/?page_num=7,49
New York Islanders,1996,29,41,0.354,240,250,7,https://www.scrapethissite.com/pages/forms/?page_num=7,-10
New York Rangers,1996,38,34,0.463,258,231,7,https://www.scrapethissite.com/pages/forms/?page_num=7,27
Ottawa Senators,1996,31,36,0.378,226,234,7,https://www.scrapethissite.com/pages/forms/?page_num=7,-8
Philadelphia Flyers,1996,45,24,0.549,274,217,7,https://www.scrapethissite.com/pages/forms/?page_num=7,57
Phoenix Coyotes,1996,38,37,0.463,240,243,7,https://www.scrapethissite.com/pages/forms/?page_num=7,-3
Pittsburgh Penguins,1996,38,36,0.463,285,280,7,https://www.scrapethissite.com/pages/forms/?page_num=7,5
San Jose Sharks,1996,27,47,0.329,211,278,7,https://www.scrapethissite.com/pages/forms/?page_num=7,-67
St. Louis Blues,1996,36,35,0.43900000000000006,236,239,7,https://www.scrapethissite.com/pages/forms/?page_num=7,-3
Tampa Bay Lightning,1996,32,40,0.39,217,247,7,https://www.scrapethissite.com/pages/forms/?page_num=7,-30
Toronto Maple Leafs,1996,30,44,0.366,230,273,7,https://www.scrapethissite.com/pages/forms/?page_num=7,-43
Vancouver Canucks,1996,35,40,0.42700000000000005,257,273,7,https://www.scrapethissite.com/pages/forms/?page_num=7,-16
Washington Capitals,1996,33,40,0.402,214,231,7,https://www.scrapethissite.com/pages/forms/?page_num=7,-17
Mighty Ducks of Anaheim,1997,26,43,0.317,205,261,7,https://www.scrapethissite.com/pages/forms/?page_num=7,-56
Boston Bruins,1997,39,30,0.47600000000000003,221,194,7,https://www.scrapethissite.com/pages/forms/?page_num=7,27
Buffalo Sabres,1997,36,29,0.43900000000000006,211,187,7,https://www.scrapethissite.com/pages/forms/?page_num=7,24
Calgary Flames,1997,26,41,0.317,217,252,7,https://www.scrapethissite.com/pages/forms/?page_num=7,-35
Carolina Hurricanes,1997,33,41,0.402,200,219,8,https://www.scrapethissite.com/pages/forms/?page_num=8,-19
Chicago Blackhawks,1997,30,39,0.366,192,199,8,https://www.scrapethissite.com/pages/forms/?page_num=8,-7
Colorado Avalanche,1997,39,26,0.47600000000000003,231,205,8,https://www.scrapethissite.com/pages/forms/?page_num=8,26
Dallas Stars,1997,49,22,0.598,242,167,8,https://www.scrapethissite.com/pages/forms/?page_num=8,75
Detroit Red Wings,1997,44,23,0.537,250,196,8,https://www.scrapethissite.com/pages/forms/?page_num=8,54
Edmonton Oilers,1997,35,37,0.42700000000000005,215,224,8,https://www.scrapethissite.com/pages/forms/?page_num=8,-9
Florida Panthers,1997,24,43,0.29300000000000004,203,256,8,https://www.scrapethissite.com/pages/forms/?page_num=8,-53
Los Angeles Kings,1997,38,33,0.463,227,225,8,https://www.scrapethissite.com/pages/forms/?page_num=8,2
Montreal Canadiens,1997,37,32,0.451,235,208,8,https://www.scrapethissite.com/pages/forms/?page_num=8,27
New Jersey Devils,1997,48,23,0.585,225,166,8,https://www.scrapethissite.com/pages/forms/?page_num=8,59
New York Islanders,1997,30,41,0.366,212,225,8,https://www.scrapethissite.com/pages/forms/?page_num=8,-13
New York Rangers,1997,25,39,0.305,197,231,8,https://www.scrapethissite.com/pages/forms/?page_num=8,-34
Ottawa Senators,1997,34,33,0.41500000000000004,193,200,8,https://www.scrapethissite.com/pages/forms/?page_num=8,-7
Philadelphia Flyers,1997,42,29,0.512,242,193,8,https://www.scrapethissite.com/pages/forms/?page_num=8,49
Phoenix Coyotes,1997,35,35,0.42700000000000005,224,227,8,https://www.scrapethissite.com/pages/forms/?page_num=8,-3
Pittsburgh Penguins,1997,40,24,0.48800000000000004,228,188,8,https://www.scrapethissite.com/pages/forms/?page_num=8,40
San Jose Sharks,1997,34,38,0.41500000000000004,210,216,8,https://www.scrapethissite.com/pages/forms/?page_num=8,-6
St. Louis Blues,1997,45,29,0.549,256,204,8,https://www.scrapethissite.com/pages/forms/?page_num=8,52
Tampa Bay Lightning,1997,17,55,0.20700000000000002,151,269,8,https://www.scrapethissite.com/pages/forms/?page_num=8,-118
Toronto Maple Leafs,1997,30,43,0.366,194,237,8,https://www.scrapethissite.com/pages/forms/?page_num=8,-43
Vancouver Canucks,1997,25,43,0.305,224,273,8,https://www.scrapethissite.com/pages/forms/?page_num=8,-49
Washington Capitals,1997,40,30,0.48800000000000004,219,202,8,https://www.scrapethissite.com/pages/forms/?page_num=8,17
Mighty Ducks of Anaheim,1998,35,34,0.42700000000000005,215,206,8,https://www.scrapethissite.com/pages/forms/?page_num=8,9
Boston Bruins,1998,39,30,0.47600000000000003,214,181,8,https://www.scrapethissite.com/pages/forms/?page_num=8,33
Buffalo Sabres,1998,37,28,0.451,207,175,8,https://www.scrapethissite.com/pages/forms/?page_num=8,32
Calgary Flames,1998,30,40,0.366,211,234,9,https://www.scrapethissite.com/pages/forms/?page_num=9,-23
Carolina Hurricanes,1998,34,30,0.41500000000000004,210,202,9,https://www.scrapethissite.com/pages/forms/?page_num=9,8
Chicago Blackhawks,1998,29,41,0.354,202,248,9,https://www.scrapethissite.com/pages/forms/?page_num=9,-46
Colorado Avalanche,1998,44,28,0.537,239,205,9,https://www.scrapethissite.com/pages/forms/?page_num=9,34
Dallas Stars,1998,51,19,0.622,236,168,9,https://www.scrapethissite.com/pages/forms/?page_num=9,68
Detroit Red Wings,1998,43,32,0.524,245,202,9,https://www.scrapethissite.com/pages/forms/?page_num=9,43
Edmonton Oilers,1998,33,37,0.402,230,226,9,https://www.scrapethissite.com/pages/forms/?page_num=9,4
Florida Panthers,1998,30,34,0.366,210,228,9,https://www.scrapethissite.com/pages/forms/?page_num=9,-18
Los Angeles Kings,1998,32,45,0.39,189,222,9,https://www.scrapethissite.com/pages/forms/?page_num=9,-33
Montreal Canadiens,1998,32,39,0.39,184,209,9,https://www.scrapethissite.com/pages/forms/?page_num=9,-25
Nashville Predators,1998,28,47,0.34099999999999997,190,261,9,https://www.scrapethissite.com/pages/forms/?page_num=9,-71
New Jersey Devils,1998,47,24,0.5730000000000001,248,196,9,https://www.scrapethissite.com/pages/forms/?page_num=9,52
New York Islanders,1998,24,48,0.29300000000000004,194,244,9,https://www.scrapethissite.com/pages/forms/?page_num=9,-50
New York Rangers,1998,33,38,0.402,217,227,9,https://www.scrapethissite.com/pages/forms/?page_num=9,-10
Ottawa Senators,1998,44,23,0.537,239,179,9,https://www.scrapethissite.com/pages/forms/?page_num=9,60
Philadelphia Flyers,1998,37,26,0.451,231,196,9,https://www.scrapethissite.com/pages/forms/?page_num=9,35
Phoenix Coyotes,1998,39,31,0.47600000000000003,205,197,9,https://www.scrapethissite.com/pages/forms/?page_num=9,8
Pittsburgh Penguins,1998,38,30,0.463,242,225,9,https://www.scrapethissite.com/pages/forms/?page_num=9,17
San Jose Sharks,1998,31,33,0.378,196,191,9,https://www.scrapethissite.com/pages/forms/?page_num=9,5
St. Louis Blues,1998,37,32,0.451,237,209,9,https://www.scrapethissite.com/pages/forms/?page_num=9,28
Tampa Bay Lightning,1998,19,54,0.232,179,292,9,https://www.scrapethissite.com/pages/forms/?page_num=9,-113
Toronto Maple Leafs,1998,45,30,0.549,268,231,9,https://www.scrapethissite.com/pages/forms/?page_num=9,37
Vancouver Canucks,1998,23,47,0.28,192,258,9,https://www.scrapethissite.com/pages/forms/?page_num=9,-66
Washington Capitals,1998,31,45,0.378,200,218,9,https://www.scrapethissite.com/pages/forms/?page_num=9,-18
Mighty Ducks of Anaheim,1999,34,33,0.41500000000000004,217,227,9,https://www.scrapethissite.com/pages/forms/?page_num=9,-10
Atlanta Thrashers,1999,14,57,0.171,170,313,10,https://www.scrapethissite.com/pages/forms/?page_num=10,-143
Boston Bruins,1999,24,33,0.29300000000000004,210,248,10,https://www.scrapethissite.com/pages/forms/?page_num=10,-38
Buffalo Sabres,1999,35,32,0.42700000000000005,213,204,10,https://www.scrapethissite.com/pages/forms/?page_num=10,9
Calgary Flames,1999,31,36,0.378,211,256,10,https://www.scrapethissite.com/pages/forms/?page_num=10,-45
Carolina Hurricanes,1999,37,35,0.451,217,216,10,https://www.scrapethissite.com/pages/forms/?page_num=10,1
Chicago Blackhawks,1999,33,37,0.402,242,245,10,https://www.scrapethissite.com/pages/forms/?page_num=10,-3
Colorado Avalanche,1999,42,28,0.512,233,201,10,https://www.scrapethissite.com/pages/forms/?page_num=10,32
Dallas Stars,1999,43,23,0.524,211,184,10,https://www.scrapethissite.com/pages/forms/?page_num=10,27
Detroit Red Wings,1999,48,22,0.585,278,210,10,https://www.scrapethissite.com/pages/forms/?page_num=10,68
Edmonton Oilers,1999,32,26,0.39,226,212,10,https://www.scrapethissite.com/pages/forms/?page_num=10,14
Florida Panthers,1999,43,27,0.524,244,209,10,https://www.scrapethissite.com/pages/forms/?page_num=10,35
Los Angeles Kings,1999,39,27,0.47600000000000003,245,228,10,https://www.scrapethissite.com/pages/forms/?page_num=10,17
Montreal Canadiens,1999,35,34,0.42700000000000005,196,194,10,https://www.scrapethissite.com/pages/forms/?page_num=10,2
Nashville Predators,1999,28,40,0.34099999999999997,199,240,10,https://www.scrapethissite.com/pages/forms/?page_num=10,-41
New Jersey Devils,1999,45,24,0.549,251,203,10,https://www.scrapethissite.com/pages/forms/?page_num=10,48
New York Islanders,1999,24,48,0.29300000000000004,194,275,10,https://www.scrapethissite.com/pages/forms/?page_num=10,-81
New York Rangers,1999,29,38,0.354,218,246,10,https://www.scrapethissite.com/pages/forms/?page_num=10,-28
Ottawa Senators,1999,41,28,0.5,244,210,10,https://www.scrapethissite.com/pages/forms/?page_num=10,34
Philadelphia Flyers,1999,45,22,0.549,237,179,10,https://www.scrapethissite.com/pages/forms/?page_num=10,58
Phoenix Coyotes,1999,39,31,0.47600000000000003,232,228,10,https://www.scrapethissite.com/pages/forms/?page_num=10,4
Pittsburgh Penguins,1999,37,31,0.451,241,236,10,https://www.scrapethissite.com/pages/forms/?page_num=10,5
San Jose Sharks,1999,35,30,0.42700000000000005,225,214,10,https://www.scrapethissite.com/pages/forms/?page_num=10,11
St. Louis Blues,1999,51,19,0.622,248,165,10,https://www.scrapethissite.com/pages/forms/?page_num=10,83
Tampa Bay Lightning,1999,19,47,0.232,204,310,10,https://www.scrapethissite.com/pages/forms/?page_num=10,-106
Toronto Maple Leafs,1999,45,27,0.549,246,222,10,https://www.scrapethissite.com/pages/forms/?page_num=10,24
Vancouver Canucks,1999,30,29,0.366,227,237,11,https://www.scrapethissite.com/pages/forms/?page_num=11,-10
Washington Capitals,1999,44,24,0.537,227,194,11,https://www.scrapethissite.com/pages/forms/?page_num=11,33
Mighty Ducks of Anaheim,2000,25,41,0.305,188,245,11,https://www.scrapethissite.com/pages/forms/?page_num=11,-57
Atlanta Thrashers,2000,23,45,0.28,211,289,11,https://www.scrapethissite.com/pages/forms/?page_num=11,-78
Boston Bruins,2000,36,30,0.43900000000000006,227,249,11,https://www.scrapethissite.com/pages/forms/?page_num=11,-22
Buffalo Sabres,2000,46,30,0.561,218,184,11,https://www.scrapethissite.com/pages/forms/?page_num=11,34
Calgary Flames,2000,27,36,0.329,197,236,11,https://www.scrapethissite.com/pages/forms/?page_num=11,-39
Carolina Hurricanes,2000,38,32,0.463,212,225,11,https://www.scrapethissite.com/pages/forms/?page_num=11,-13
Columbus Blue Jackets,2000,28,39,0.34099999999999997,190,233,11,https://www.scrapethissite.com/pages/forms/?page_num=11,-43
Chicago Blackhawks,2000,29,40,0.354,210,246,11,https://www.scrapethissite.com/pages/forms/?page_num=11,-36
Colorado Avalanche,2000,52,16,0.634,270,192,11,https://www.scrapethissite.com/pages/forms/?page_num=11,78
Dallas Stars,2000,48,24,0.585,241,187,11,https://www.scrapethissite.com/pages/forms/?page_num=11,54
Detroit Red Wings,2000,49,20,0.598,253,202,11,https://www.scrapethissite.com/pages/forms/?page_num=11,51
Edmonton Oilers,2000,39,28,0.47600000000000003,243,222,11,https://www.scrapethissite.com/pages/forms/?page_num=11,21
Florida Panthers,2000,22,38,0.268,200,246,11,https://www.scrapethissite.com/pages/forms/?page_num=11,-46
Los Angeles Kings,2000,38,28,0.463,252,228,11,https://www.scrapethissite.com/pages/forms/?page_num=11,24
Minnesota Wild,2000,25,39,0.305,168,210,11,https://www.scrapethissite.com/pages/forms/?page_num=11,-42
Montreal Canadiens,2000,28,40,0.34099999999999997,206,232,11,https://www.scrapethissite.com/pages/forms/?page_num=11,-26
Nashville Predators,2000,34,36,0.41500000000000004,186,200,11,https://www.scrapethissite.com/pages/forms/?page_num=11,-14
New Jersey Devils,2000,48,19,0.585,295,195,11,https://www.scrapethissite.com/pages/forms/?page_num=11,100
New York Islanders,2000,21,51,0.256,185,268,11,https://www.scrapethissite.com/pages/forms/?page_num=11,-83
New York Rangers,2000,33,43,0.402,250,290,11,https://www.scrapethissite.com/pages/forms/?page_num=11,-40
Ottawa Senators,2000,48,21,0.585,274,205,11,https://www.scrapethissite.com/pages/forms/?page_num=11,69
Philadelphia Flyers,2000,43,25,0.524,240,207,11,https://www.scrapethissite.com/pages/forms/?page_num=11,33
Phoenix Coyotes,2000,35,27,0.42700000000000005,214,212,11,https://www.scrapethissite.com/pages/forms/?page_num=11,2
Pittsburgh Penguins,2000,42,28,0.512,281,256,12,https://www.scrapethissite.com/pages/forms/?page_num=12,25
San Jose Sharks,2000,40,27,0.48800000000000004,217,192,12,https://www.scrapethissite.com/pages/forms/?page_num=12,25
St. Louis Blues,2000,43,22,0.524,249,195,12,https://www.scrapethissite.com/pages/forms/?page_num=12,54
Tampa Bay Lightning,2000,24,47,0.29300000000000004,201,280,12,https://www.scrapethissite.com/pages/forms/?page_num=12,-79
Toronto Maple Leafs,2000,37,29,0.451,232,207,12,https://www.scrapethissite.com/pages/forms/?page_num=12,25
Vancouver Canucks,2000,36,28,0.43900000000000006,239,238,12,https://www.scrapethissite.com/pages/forms/?page_num=12,1
Washington Capitals,2000,41,27,0.5,233,211,12,https://www.scrapethissite.com/pages/forms/?page_num=12,22
Mighty Ducks of Anaheim,2001,29,42,0.354,175,198,12,https://www.scrapethissite.com/pages/forms/?page_num=12,-23
Atlanta Thrashers,2001,19,47,0.232,187,288,12,https://www.scrapethissite.com/pages/forms/?page_num=12,-101
Boston Bruins,2001,43,24,0.524,236,201,12,https://www.scrapethissite.com/pages/forms/?page_num=12,35
Buffalo Sabres,2001,35,35,0.42700000000000005,213,200,12,https://www.scrapethissite.com/pages/forms/?page_num=12,13
Calgary Flames,2001,32,35,0.39,201,220,12,https://www.scrapethissite.com/pages/forms/?page_num=12,-19
Carolina Hurricanes,2001,35,26,0.42700000000000005,217,217,12,https://www.scrapethissite.com/pages/forms/?page_num=12,0
Columbus Blue Jackets,2001,22,47,0.268,164,255,12,https://www.scrapethissite.com/pages/forms/?page_num=12,-91
Chicago Blackhawks,2001,41,27,0.5,216,207,12,https://www.scrapethissite.com/pages/forms/?page_num=12,9
Colorado Avalanche,2001,45,28,0.549,212,169,12,https://www.scrapethissite.com/pages/forms/?page_num=12,43
Dallas Stars,2001,36,28,0.43900000000000006,215,213,12,https://www.scrapethissite.com/pages/forms/?page_num=12,2
Detroit Red Wings,2001,51,17,0.622,251,187,12,https://www.scrapethissite.com/pages/forms/?page_num=12,64
Edmonton Oilers,2001,38,28,0.463,205,182,12,https://www.scrapethissite.com/pages/forms/?page_num=12,23
Florida Panthers,2001,22,44,0.268,180,250,12,https://www.scrapethissite.com/pages/forms/?page_num=12,-70
Los Angeles Kings,2001,40,27,0.48800000000000004,214,190,12,https://www.scrapethissite.com/pages/forms/?page_num=12,24
Minnesota Wild,2001,26,35,0.317,195,238,12,https://www.scrapethissite.com/pages/forms/?page_num=12,-43
Montreal Canadiens,2001,36,31,0.43900000000000006,207,209,12,https://www.scrapethissite.com/pages/forms/?page_num=12,-2
Nashville Predators,2001,28,41,0.34099999999999997,196,230,12,https://www.scrapethissite.com/pages/forms/?page_num=12,-34
New Jersey Devils,2001,41,28,0.5,205,187,12,https://www.scrapethissite.com/pages/forms/?page_num=12,18
New York Islanders,2001,42,28,0.512,239,220,13,https://www.scrapethissite.com/pages/forms/?page_num=13,19
New York Rangers,2001,36,38,0.43900000000000006,227,258,13,https://www.scrapethissite.com/pages/forms/?page_num=13,-31
Ottawa Senators,2001,39,27,0.47600000000000003,243,208,13,https://www.scrapethissite.com/pages/forms/?page_num=13,35
Philadelphia Flyers,2001,42,27,0.512,234,192,13,https://www.scrapethissite.com/pages/forms/?page_num=13,42
Phoenix Coyotes,2001,40,27,0.48800000000000004,228,210,13,https://www.scrapethissite.com/pages/forms/?page_num=13,18
Pittsburgh Penguins,2001,28,41,0.34099999999999997,198,249,13,https://www.scrapethissite.com/pages/forms/?page_num=13,-51
San Jose Sharks,2001,44,27,0.537,248,199,13,https://www.scrapethissite.com/pages/forms/?page_num=13,49
St. Louis Blues,2001,43,27,0.524,227,188,13,https://www.scrapethissite.com/pages/forms/?page_num=13,39
Tampa Bay Lightning,2001,27,40,0.329,178,219,13,https://www.scrapethissite.com/pages/forms/?page_num=13,-41
Toronto Maple Leafs,2001,43,25,0.524,249,207,13,https://www.scrapethissite.com/pages/forms/?page_num=13,42
Vancouver Canucks,2001,42,30,0.512,254,211,13,https://www.scrapethissite.com/pages/forms/?page_num=13,43
Washington Capitals,2001,36,33,0.43900000000000006,228,240,13,https://www.scrapethissite.com/pages/forms/?page_num=13,-12
Mighty Ducks of Anaheim,2002,40,27,0.48800000000000004,203,193,13,https://www.scrapethissite.com/pages/forms/?page_num=13,10
Atlanta Thrashers,2002,31,39,0.378,226,284,13,https://www.scrapethissite.com/pages/forms/?page_num=13,-58
Boston Bruins,2002,36,31,0.43900000000000006,245,237,13,https://www.scrapethissite.com/pages/forms/?page_num=13,8
Buffalo Sabres,2002,27,37,0.329,190,219,13,https://www.scrapethissite.com/pages/forms/?page_num=13,-29
Calgary Flames,2002,29,36,0.354,186,228,13,https://www.scrapethissite.com/pages/forms/?page_num=13,-42
Carolina Hurricanes,2002,22,43,0.268,171,240,13,https://www.scrapethissite.com/pages/forms/?page_num=13,-69
Columbus Blue Jackets,2002,29,42,0.354,213,263,13,https://www.scrapethissite.com/pages/forms/?page_num=13,-50
Chicago Blackhawks,2002,30,33,0.366,207,226,13,https://www.scrapethissite.com/pages/forms/?page_num=13,-19
Colorado Avalanche,2002,42,19,0.512,251,194,13,https://www.scrapethissite.com/pages/forms/?page_num=13,57
Dallas Stars,2002,46,17,0.561,245,169,13,https://www.scrapethissite.com/pages/forms/?page_num=13,76
Detroit Red Wings,2002,48,20,0.585,269,203,13,https://www.scrapethissite.com/pages/forms/?page_num=13,66
Edmonton Oilers,2002,36,26,0.43900000000000006,231,230,13,https://www.scrapethissite.com/pages/forms/?page_num=13,1
Florida Panthers,2002,24,36,0.29300000000000004,176,237,13,https://www.scrapethissite.com/pages/forms/?page_num=13,-61
Los Angeles Kings,2002,33,37,0.402,203,221,14,https://www.scrapethissite.com/pages/forms/?page_num=14,-18
Minnesota Wild,2002,42,29,0.512,198,178,14,https://www.scrapethissite.com/pages/forms/?page_num=14,20
Montreal Canadiens,2002,30,35,0.366,206,234,14,https://www.scrapethissite.com/pages/forms/?page_num=14,-28
Nashville Predators,2002,27,35,0.329,183,206,14,https://www.scrapethissite.com/pages/forms/?page_num=14,-23
New Jersey Devils,2002,46,20,0.561,216,166,14,https://www.scrapethissite.com/pages/forms/?page_num=14,50
New York Islanders,2002,35,34,0.42700000000000005,224,231,14,https://www.scrapethissite.com/pages/forms/?page_num=14,-7
New York Rangers,2002,32,36,0.39,210,231,14,https://www.scrapethissite.com/pages/forms/?page_num=14,-21
Ottawa Senators,2002,52,21,0.634,263,182,14,https://www.scrapethissite.com/pages/forms/?page_num=14,81
Philadelphia Flyers,2002,45,20,0.549,211,166,14,https://www.scrapethissite.com/pages/forms/?page_num=14,45
Phoenix Coyotes,2002,31,35,0.378,204,230,14,https://www.scrapethissite.com/pages/forms/?page_num=14,-26
Pittsburgh Penguins,2002,27,44,0.329,189,255,14,https://www.scrapethissite.com/pages/forms/?page_num=14,-66
San Jose Sharks,2002,28,37,0.34099999999999997,214,239,14,https://www.scrapethissite.com/pages/forms/?page_num=14,-25
St. Louis Blues,2002,41,24,0.5,253,222,14,https://www.scrapethissite.com/pages/forms/?page_num=14,31
Tampa Bay Lightning,2002,36,25,0.43900000000000006,219,210,14,https://www.scrapethissite.com/pages/forms/?page_num=14,9
Toronto Maple Leafs,2002,44,28,0.537,236,208,14,https://www.scrapethissite.com/pages/forms/?page_num=14,28
Vancouver Canucks,2002,45,23,0.549,264,208,14,https://www.scrapethissite.com/pages/forms/?page_num=14,56
Washington Capitals,2002,39,29,0.47600000000000003,224,220,14,https://www.scrapethissite.com/pages/forms/?page_num=14,4
Mighty Ducks of Anaheim,2003,29,35,0.354,184,213,14,https://www.scrapethissite.com/pages/forms/?page_num=14,-29
Atlanta Thrashers,2003,33,37,0.402,214,243,14,https://www.scrapethissite.com/pages/forms/?page_num=14,-29
Boston Bruins,2003,41,19,0.5,209,188,14,https://www.scrapethissite.com/pages/forms/?page_num=14,21
Buffalo Sabres,2003,37,34,0.451,220,221,14,https://www.scrapethissite.com/pages/forms/?page_num=14,-1
Calgary Flames,2003,42,30,0.512,200,176,14,https://www.scrapethissite.com/pages/forms/?page_num=14,24
Carolina Hurricanes,2003,28,34,0.34099999999999997,172,209,14,https://www.scrapethissite.com/pages/forms/?page_num=14,-37
Columbus Blue Jackets,2003,25,45,0.305,177,238,14,https://www.scrapethissite.com/pages/forms/?page_num=14,-61
Chicago Blackhawks,2003,20,43,0.24400000000000002,188,259,14,https://www.scrapethissite.com/pages/forms/?page_num=14,-71
Colorado Avalanche,2003,40,22,0.48800000000000004,236,198,15,https://www.scrapethissite.com/pages/forms/?page_num=15,38
Dallas Stars,2003,41,26,0.5,194,175,15,https://www.scrapethissite.com/pages/forms/?page_num=15,19
Detroit Red Wings,2003,48,21,0.585,255,189,15,https://www.scrapethissite.com/pages/forms/?page_num=15,66
Edmonton Oilers,2003,36,29,0.43900000000000006,221,208,15,https://www.scrapethissite.com/pages/forms/?page_num=15,13
Florida Panthers,2003,28,35,0.34099999999999997,188,221,15,https://www.scrapethissite.com/pages/forms/?page_num=15,-33
Los Angeles Kings,2003,28,29,0.34099999999999997,205,217,15,https://www.scrapethissite.com/pages/forms/?page_num=15,-12
Minnesota Wild,2003,30,29,0.366,188,183,15,https://www.scrapethissite.com/pages/forms/?page_num=15,5
Montreal Canadiens,2003,41,30,0.5,208,192,15,https://www.scrapethissite.com/pages/forms/?page_num=15,16
Nashville Predators,2003,38,29,0.463,216,217,15,https://www.scrapethissite.com/pages/forms/?page_num=15,-1
New Jersey Devils,2003,43,25,0.524,213,164,15,https://www.scrapethissite.com/pages/forms/?page_num=15,49
New York Islanders,2003,38,29,0.463,237,210,15,https://www.scrapethissite.com/pages/forms/?page_num=15,27
New York Rangers,2003,27,40,0.329,206,250,15,https://www.scrapethissite.com/pages/forms/?page_num=15,-44
Ottawa Senators,2003,43,23,0.524,262,189,15,https://www.scrapethissite.com/pages/forms/?page_num=15,73
Philadelphia Flyers,2003,40,21,0.48800000000000004,229,186,15,https://www.scrapethissite.com/pages/forms/?page_num=15,43
Phoenix Coyotes,2003,22,36,0.268,188,245,15,https://www.scrapethissite.com/pages/forms/?page_num=15,-57
Pittsburgh Penguins,2003,23,47,0.28,190,303,15,https://www.scrapethissite.com/pages/forms/?page_num=15,-113
San Jose Sharks,2003,43,21,0.524,219,183,15,https://www.scrapethissite.com/pages/forms/?page_num=15,36
St. Louis Blues,2003,39,30,0.47600000000000003,191,198,15,https://www.scrapethissite.com/pages/forms/?page_num=15,-7
Tampa Bay Lightning,2003,46,22,0.561,245,192,15,https://www.scrapethissite.com/pages/forms/?page_num=15,53
Toronto Maple Leafs,2003,45,24,0.549,242,204,15,https://www.scrapethissite.com/pages/forms/?page_num=15,38
Vancouver Canucks,2003,43,24,0.524,235,194,15,https://www.scrapethissite.com/pages/forms/?page_num=15,41
Washington Capitals,2003,23,46,0.28,186,253,15,https://www.scrapethissite.com/pages/forms/?page_num=15,-67
Mighty Ducks of Anaheim,2005,43,27,0.524,254,229,15,https://www.scrapethissite.com/pages/forms/?page_num=15,25
Atlanta Thrashers,2005,41,33,0.5,281,275,15,https://www.scrapethissite.com/pages/forms/?page_num=15,6
Boston Bruins,2005,29,37,0.354,230,266,15,https://www.scrapethissite.com/pages/forms/?page_num=15,-36
Buffalo Sabres,2005,52,24,0.634,281,239,16,https://www.scrapethissite.com/pages/forms/?page_num=16,42
Calgary Flames,2005,46,25,0.561,218,200,16,https://www.scrapethissite.com/pages/forms/?page_num=16,18
Carolina Hurricanes,2005,52,22,0.634,294,260,16,https://www.scrapethissite.com/pages/forms/?page_num=16,34
Columbus Blue Jackets,2005,35,43,0.42700000000000005,223,279,16,https://www.scrapethissite.com/pages/forms/?page_num=16,-56
Chicago Blackhawks,2005,26,43,0.317,211,285,16,https://www.scrapethissite.com/pages/forms/?page_num=16,-74
Colorado Avalanche,2005,43,30,0.524,283,257,16,https://www.scrapethissite.com/pages/forms/?page_num=16,26
Dallas Stars,2005,53,23,0.646,265,218,16,https://www.scrapethissite.com/pages/forms/?page_num=16,47
Detroit Red Wings,2005,58,16,0.707,305,209,16,https://www.scrapethissite.com/pages/forms/?page_num=16,96
Edmonton Oilers,2005,41,28,0.5,256,251,16,https://www.scrapethissite.com/pages/forms/?page_num=16,5
Florida Panthers,2005,37,34,0.451,240,257,16,https://www.scrapethissite.com/pages/forms/?page_num=16,-17
Los Angeles Kings,2005,42,35,0.512,249,270,16,https://www.scrapethissite.com/pages/forms/?page_num=16,-21
Minnesota Wild,2005,38,36,0.463,231,215,16,https://www.scrapethissite.com/pages/forms/?page_num=16,16
Montreal Canadiens,2005,42,31,0.512,243,247,16,https://www.scrapethissite.com/pages/forms/?page_num=16,-4
Nashville Predators,2005,49,25,0.598,259,227,16,https://www.scrapethissite.com/pages/forms/?page_num=16,32
New Jersey Devils,2005,46,27,0.561,242,229,16,https://www.scrapethissite.com/pages/forms/?page_num=16,13
New York Islanders,2005,36,40,0.43900000000000006,230,278,16,https://www.scrapethissite.com/pages/forms/?page_num=16,-48
New York Rangers,2005,44,26,0.537,257,215,16,https://www.scrapethissite.com/pages/forms/?page_num=16,42
Ottawa Senators,2005,52,21,0.634,314,211,16,https://www.scrapethissite.com/pages/forms/?page_num=16,103
Philadelphia Flyers,2005,45,26,0.549,267,259,16,https://www.scrapethissite.com/pages/forms/?page_num=16,8
Phoenix Coyotes,2005,38,39,0.463,246,271,16,https://www.scrapethissite.com/pages/forms/?page_num=16,-25
Pittsburgh Penguins,2005,22,46,0.268,244,316,16,https://www.scrapethissite.com/pages/forms/?page_num=16,-72
San Jose Sharks,2005,44,27,0.537,266,242,16,https://www.scrapethissite.com/pages/forms/?page_num=16,24
St. Louis Blues,2005,21,46,0.256,197,292,16,https://www.scrapethissite.com/pages/forms/?page_num=16,-95
Tampa Bay Lightning,2005,43,33,0.524,252,260,16,https://www.scrapethissite.com/pages/forms/?page_num=16,-8
Toronto Maple Leafs,2005,41,33,0.5,257,270,16,https://www.scrapethissite.com/pages/forms/?page_num=16,-13
Vancouver Canucks,2005,42,32,0.512,256,255,17,https://www.scrapethissite.com/pages/forms/?page_num=17,1
Washington Capitals,2005,29,41,0.354,237,306,17,https://www.scrapethissite.com/pages/forms/?page_num=17,-69
Anaheim Ducks,2006,48,20,0.585,258,208,17,https://www.scrapethissite.com/pages/forms/?page_num=17,50
Atlanta Thrashers,2006,43,28,0.524,246,245,17,https://www.scrapethissite.com/pages/forms/?page_num=17,1
Boston Bruins,2006,35,41,0.42700000000000005,219,289,17,https://www.scrapethissite.com/pages/forms/?page_num=17,-70
Buffalo Sabres,2006,53,22,0.646,308,242,17,https://www.scrapethissite.com/pages/forms/?page_num=17,66
Calgary Flames,2006,43,29,0.524,258,226,17,https://www.scrapethissite.com/pages/forms/?page_num=17,32
Carolina Hurricanes,2006,40,34,0.48800000000000004,241,253,17,https://www.scrapethissite.com/pages/forms/?page_num=17,-12
Columbus Blue Jackets,2006,33,42,0.402,201,249,17,https://www.scrapethissite.com/pages/forms/?page_num=17,-48
Chicago Blackhawks,2006,31,42,0.378,201,258,17,https://www.scrapethissite.com/pages/forms/?page_num=17,-57
Colorado Avalanche,2006,44,31,0.537,272,251,17,https://www.scrapethissite.com/pages/forms/?page_num=17,21
Dallas Stars,2006,50,25,0.61,226,197,17,https://www.scrapethissite.com/pages/forms/?page_num=17,29
Detroit Red Wings,2006,50,19,0.61,254,199,17,https://www.scrapethissite.com/pages/forms/?page_num=17,55
Edmonton Oilers,2006,32,43,0.39,195,248,17,https://www.scrapethissite.com/pages/forms/?page_num=17,-53
Florida Panthers,2006,35,31,0.42700000000000005,247,257,17,https://www.scrapethissite.com/pages/forms/?page_num=17,-10
Los Angeles Kings,2006,27,41,0.329,227,283,17,https://www.scrapethissite.com/pages/forms/?page_num=17,-56
Minnesota Wild,2006,48,26,0.585,235,191,17,https://www.scrapethissite.com/pages/forms/?page_num=17,44
Montreal Canadiens,2006,42,34,0.512,245,256,17,https://www.scrapethissite.com/pages/forms/?page_num=17,-11
Nashville Predators,2006,51,23,0.622,272,212,17,https://www.scrapethissite.com/pages/forms/?page_num=17,60
New Jersey Devils,2006,49,24,0.598,216,201,17,https://www.scrapethissite.com/pages/forms/?page_num=17,15
New York Islanders,2006,40,30,0.48800000000000004,248,240,17,https://www.scrapethissite.com/pages/forms/?page_num=17,8
New York Rangers,2006,42,30,0.512,242,216,17,https://www.scrapethissite.com/pages/forms/?page_num=17,26
Ottawa Senators,2006,48,25,0.585,288,222,17,https://www.scrapethissite.com/pages/forms/?page_num=17,66
Philadelphia Flyers,2006,22,48,0.268,214,303,17,https://www.scrapethissite.com/pages/forms/?page_num=17,-89
Phoenix Coyotes,2006,31,46,0.378,216,284,17,https://www.scrapethissite.com/pages/forms/?page_num=17,-68
Pittsburgh Penguins,2006,47,24,0.5730000000000001,277,246,18,https://www.scrapethissite.com/pages/forms/?page_num=18,31
San Jose Sharks,2006,51,26,0.622,258,199,18,https://www.scrapethissite.com/pages/forms/?page_num=18,59
St. Louis Blues,2006,34,35,0.41500000000000004,214,254,18,https://www.scrapethissite.com/pages/forms/?page_num=18,-40
Tampa Bay Lightning,2006,44,33,0.537,253,261,18,https://www.scrapethissite.com/pages/forms/?page_num=18,-8
Toronto Maple Leafs,2006,40,31,0.48800000000000004,258,269,18,https://www.scrapethissite.com/pages/forms/?page_num=18,-11
Vancouver Canucks,2006,49,26,0.598,222,201,18,https://www.scrapethissite.com/pages/forms/?page_num=18,21
Washington Capitals,2006,28,40,0.34099999999999997,235,286,18,https://www.scrapethissite.com/pages/forms/?page_num=18,-51
Anaheim Ducks,2007,47,27,0.5730000000000001,205,191,18,https://www.scrapethissite.com/pages/forms/?page_num=18,14
Atlanta Thrashers,2007,34,40,0.41500000000000004,216,272,18,https://www.scrapethissite.com/pages/forms/?page_num=18,-56
Boston Bruins,2007,41,29,0.5,212,222,18,https://www.scrapethissite.com/pages/forms/?page_num=18,-10
Buffalo Sabres,2007,39,31,0.47600000000000003,255,242,18,https://www.scrapethissite.com/pages/forms/?page_num=18,13
Calgary Flames,2007,42,30,0.512,229,227,18,https://www.scrapethissite.com/pages/forms/?page_num=18,2
Carolina Hurricanes,2007,43,33,0.524,252,249,18,https://www.scrapethissite.com/pages/forms/?page_num=18,3
Columbus Blue Jackets,2007,34,36,0.41500000000000004,193,218,18,https://www.scrapethissite.com/pages/forms/?page_num=18,-25
Chicago Blackhawks,2007,40,34,0.48800000000000004,239,235,18,https://www.scrapethissite.com/pages/forms/?page_num=18,4
Colorado Avalanche,2007,44,31,0.537,231,219,18,https://www.scrapethissite.com/pages/forms/?page_num=18,12
Dallas Stars,2007,45,30,0.549,242,207,18,https://www.scrapethissite.com/pages/forms/?page_num=18,35
Detroit Red Wings,2007,54,21,0.659,257,184,18,https://www.scrapethissite.com/pages/forms/?page_num=18,73
Edmonton Oilers,2007,41,35,0.5,235,251,18,https://www.scrapethissite.com/pages/forms/?page_num=18,-16
Florida Panthers,2007,38,35,0.463,216,226,18,https://www.scrapethissite.com/pages/forms/?page_num=18,-10
Los Angeles Kings,2007,32,43,0.39,231,266,18,https://www.scrapethissite.com/pages/forms/?page_num=18,-35
Minnesota Wild,2007,44,28,0.537,223,218,18,https://www.scrapethissite.com/pages/forms/?page_num=18,5
Montreal Canadiens,2007,47,25,0.5730000000000001,262,222,18,https://www.scrapethissite.com/pages/forms/?page_num=18,40
Nashville Predators,2007,41,32,0.5,230,229,18,https://www.scrapethissite.com/pages/forms/?page_num=18,1
New Jersey Devils,2007,46,29,0.561,206,197,18,https://www.scrapethissite.com/pages/forms/?page_num=18,9
New York Islanders,2007,35,38,0.42700000000000005,194,243,19,https://www.scrapethissite.com/pages/forms/?page_num=19,-49
New York Rangers,2007,42,27,0.512,213,199,19,https://www.scrapethissite.com/pages/forms/?page_num=19,14
Ottawa Senators,2007,43,31,0.524,261,247,19,https://www.scrapethissite.com/pages/forms/?page_num=19,14
Philadelphia Flyers,2007,42,29,0.512,248,233,19,https://www.scrapethissite.com/pages/forms/?page_num=19,15
Phoenix Coyotes,2007,38,37,0.463,214,231,19,https://www.scrapethissite.com/pages/forms/?page_num=19,-17
Pittsburgh Penguins,2007,47,27,0.5730000000000001,247,216,19,https://www.scrapethissite.com/pages/forms/?page_num=19,31
San Jose Sharks,2007,49,23,0.598,222,193,19,https://www.scrapethissite.com/pages/forms/?page_num=19,29
St. Louis Blues,2007,33,36,0.402,205,237,19,https://www.scrapethissite.com/pages/forms/?page_num=19,-32
Tampa Bay Lightning,2007,31,42,0.378,223,267,19,https://www.scrapethissite.com/pages/forms/?page_num=19,-44
Toronto Maple Leafs,2007,36,35,0.43900000000000006,231,260,19,https://www.scrapethissite.com/pages/forms/?page_num=19,-29
Vancouver Canucks,2007,39,33,0.47600000000000003,213,215,19,https://www.scrapethissite.com/pages/forms/?page_num=19,-2
Washington Capitals,2007,43,31,0.524,242,231,19,https://www.scrapethissite.com/pages/forms/?page_num=19,11
Anaheim Ducks,2008,42,33,0.512,245,238,19,https://www.scrapethissite.com/pages/forms/?page_num=19,7
Atlanta Thrashers,2008,35,41,0.42700000000000005,257,280,19,https://www.scrapethissite.com/pages/forms/?page_num=19,-23
Boston Bruins,2008,53,19,0.646,274,196,19,https://www.scrapethissite.com/pages/forms/?page_num=19,78
Buffalo Sabres,2008,41,32,0.5,250,234,19,https://www.scrapethissite.com/pages/forms/?page_num=19,16
Calgary Flames,2008,46,30,0.561,254,248,19,https://www.scrapethissite.com/pages/forms/?page_num=19,6
Carolina Hurricanes,2008,45,30,0.549,239,226,19,https://www.scrapethissite.com/pages/forms/?page_num=19,13
Columbus Blue Jackets,2008,41,31,0.5,226,230,19,https://www.scrapethissite.com/pages/forms/?page_num=19,-4
Chicago Blackhawks,2008,46,24,0.561,264,216,19,https://www.scrapethissite.com/pages/forms/?page_num=19,48
Colorado Avalanche,2008,32,45,0.39,199,257,19,https://www.scrapethissite.com/pages/forms/?page_num=19,-58
Dallas Stars,2008,36,35,0.43900000000000006,230,257,19,https://www.scrapethissite.com/pages/forms/?page_num=19,-27
Detroit Red Wings,2008,51,21,0.622,295,244,19,https://www.scrapethissite.com/pages/forms/?page_num=19,51
Edmonton Oilers,2008,38,35,0.463,234,248,19,https://www.scrapethissite.com/pages/forms/?page_num=19,-14
Florida Panthers,2008,41,30,0.5,234,231,19,https://www.scrapethissite.com/pages/forms/?page_num=19,3
Los Angeles Kings,2008,34,37,0.41500000000000004,207,234,20,https://www.scrapethissite.com/pages/forms/?page_num=20,-27
Minnesota Wild,2008,40,33,0.48800000000000004,219,200,20,https://www.scrapethissite.com/pages/forms/?page_num=20,19
Montreal Canadiens,2008,41,30,0.5,249,247,20,https://www.scrapethissite.com/pages/forms/?page_num=20,2
Nashville Predators,2008,40,34,0.48800000000000004,213,233,20,https://www.scrapethissite.com/pages/forms/?page_num=20,-20
New Jersey Devils,2008,51,27,0.622,244,209,20,https://www.scrapethissite.com/pages/forms/?page_num=20,35
New York Islanders,2008,26,47,0.317,201,279,20,https://www.scrapethissite.com/pages/forms/?page_num=20,-78
New York Rangers,2008,43,30,0.524,210,218,20,https://www.scrapethissite.com/pages/forms/?page_num=20,-8
Ottawa Senators,2008,36,35,0.43900000000000006,217,237,20,https://www.scrapethissite.com/pages/forms/?page_num=20,-20
Philadelphia Flyers,2008,44,27,0.537,264,238,20,https://www.scrapethissite.com/pages/forms/?page_num=20,26
Phoenix Coyotes,2008,36,39,0.43900000000000006,208,252,20,https://www.scrapethissite.com/pages/forms/?page_num=20,-44
Pittsburgh Penguins,2008,45,28,0.549,264,239,20,https://www.scrapethissite.com/pages/forms/?page_num=20,25
San Jose Sharks,2008,53,18,0.646,257,204,20,https://www.scrapethissite.com/pages/forms/?page_num=20,53
St. Louis Blues,2008,41,31,0.5,233,233,20,https://www.scrapethissite.com/pages/forms/?page_num=20,0
Tampa Bay Lightning,2008,24,40,0.29300000000000004,210,279,20,https://www.scrapethissite.com/pages/forms/?page_num=20,-69
Toronto Maple Leafs,2008,34,35,0.41500000000000004,250,293,20,https://www.scrapethissite.com/pages/forms/?page_num=20,-43
Vancouver Canucks,2008,45,27,0.549,246,220,20,https://www.scrapethissite.com/pages/forms/?page_num=20,26
Washington Capitals,2008,50,24,0.61,272,245,20,https://www.scrapethissite.com/pages/forms/?page_num=20,27
Anaheim Ducks,2009,39,32,0.47600000000000003,238,251,20,https://www.scrapethissite.com/pages/forms/?page_num=20,-13
Atlanta Thrashers,2009,35,34,0.42700000000000005,234,256,20,https://www.scrapethissite.com/pages/forms/?page_num=20,-22
Boston Bruins,2009,39,30,0.47600000000000003,206,200,20,https://www.scrapethissite.com/pages/forms/?page_num=20,6
Buffalo Sabres,2009,45,27,0.549,235,207,20,https://www.scrapethissite.com/pages/forms/?page_num=20,28
Calgary Flames,2009,40,32,0.48800000000000004,204,210,20,https://www.scrapethissite.com/pages/forms/?page_num=20,-6
Carolina Hurricanes,2009,35,37,0.42700000000000005,230,256,20,https://www.scrapethissite.com/pages/forms/?page_num=20,-26
Columbus Blue Jackets,2009,32,35,0.39,216,259,20,https://www.scrapethissite.com/pages/forms/?page_num=20,-43
Chicago Blackhawks,2009,52,22,0.634,271,209,20,https://www.scrapethissite.com/pages/forms/?page_num=20,62
Colorado Avalanche,2009,43,30,0.524,244,233,21,https://www.scrapethissite.com/pages/forms/?page_num=21,11
Dallas Stars,2009,37,31,0.451,237,254,21,https://www.scrapethissite.com/pages/forms/?page_num=21,-17
Detroit Red Wings,2009,44,24,0.537,229,216,21,https://www.scrapethissite.com/pages/forms/?page_num=21,13
Edmonton Oilers,2009,27,47,0.329,214,284,21,https://www.scrapethissite.com/pages/forms/?page_num=21,-70
Florida Panthers,2009,32,37,0.39,208,244,21,https://www.scrapethissite.com/pages/forms/?page_num=21,-36
Los Angeles Kings,2009,46,27,0.561,241,219,21,https://www.scrapethissite.com/pages/forms/?page_num=21,22
Minnesota Wild,2009,38,36,0.463,219,246,21,https://www.scrapethissite.com/pages/forms/?page_num=21,-27
Montreal Canadiens,2009,39,33,0.47600000000000003,217,223,21,https://www.scrapethissite.com/pages/forms/?page_num=21,-6
Nashville Predators,2009,47,29,0.5730000000000001,225,225,21,https://www.scrapethissite.com/pages/forms/?page_num=21,0
New Jersey Devils,2009,48,27,0.585,222,191,21,https://www.scrapethissite.com/pages/forms/?page_num=21,31
New York Islanders,2009,34,37,0.41500000000000004,222,264,21,https://www.scrapethissite.com/pages/forms/?page_num=21,-42
New York Rangers,2009,38,33,0.463,222,218,21,https://www.scrapethissite.com/pages/forms/?page_num=21,4
Ottawa Senators,2009,44,32,0.537,225,238,21,https://www.scrapethissite.com/pages/forms/?page_num=21,-13
Philadelphia Flyers,2009,41,35,0.5,236,225,21,https://www.scrapethissite.com/pages/forms/?page_num=21,11
Phoenix Coyotes,2009,50,25,0.61,225,202,21,https://www.scrapethissite.com/pages/forms/?page_num=21,23
Pittsburgh Penguins,2009,47,28,0.5730000000000001,257,237,21,https://www.scrapethissite.com/pages/forms/?page_num=21,20
San Jose Sharks,2009,51,20,0.622,264,215,21,https://www.scrapethissite.com/pages/forms/?page_num=21,49
St. Louis Blues,2009,40,32,0.48800000000000004,225,223,21,https://www.scrapethissite.com/pages/forms/?page_num=21,2
Tampa Bay Lightning,2009,34,36,0.41500000000000004,217,260,21,https://www.scrapethissite.com/pages/forms/?page_num=21,-43
Toronto Maple Leafs,2009,30,38,0.366,214,267,21,https://www.scrapethissite.com/pages/forms/?page_num=21,-53
Vancouver Canucks,2009,49,28,0.598,272,222,21,https://www.scrapethissite.com/pages/forms/?page_num=21,50
Washington Capitals,2009,54,15,0.659,318,233,21,https://www.scrapethissite.com/pages/forms/?page_num=21,85
Anaheim Ducks,2010,47,30,0.5730000000000001,239,235,21,https://www.scrapethissite.com/pages/forms/?page_num=21,4
Atlanta Thrashers,2010,34,36,0.41500000000000004,223,269,21,https://www.scrapethissite.com/pages/forms/?page_num=21,-46
Boston Bruins,2010,46,25,0.561,246,195,21,https://www.scrapethissite.com/pages/forms/?page_num=21,51
Buffalo Sabres,2010,43,29,0.524,245,229,22,https://www.scrapethissite.com/pages/forms/?page_num=22,16
Calgary Flames,2010,41,29,0.5,250,237,22,https://www.scrapethissite.com/pages/forms/?page_num=22,13
Carolina Hurricanes,2010,40,31,0.48800000000000004,236,239,22,https://www.scrapethissite.com/pages/forms/?page_num=22,-3
Columbus Blue Jackets,2010,34,35,0.41500000000000004,215,258,22,https://www.scrapethissite.com/pages/forms/?page_num=22,-43
Chicago Blackhawks,2010,44,29,0.537,258,225,22,https://www.scrapethissite.com/pages/forms/?page_num=22,33
Colorado Avalanche,2010,30,44,0.366,227,288,22,https://www.scrapethissite.com/pages/forms/?page_num=22,-61
Dallas Stars,2010,42,29,0.512,227,233,22,https://www.scrapethissite.com/pages/forms/?page_num=22,-6
Detroit Red Wings,2010,47,25,0.5730000000000001,261,241,22,https://www.scrapethissite.com/pages/forms/?page_num=22,20
Edmonton Oilers,2010,25,45,0.305,193,269,22,https://www.scrapethissite.com/pages/forms/?page_num=22,-76
Florida Panthers,2010,30,40,0.366,195,229,22,https://www.scrapethissite.com/pages/forms/?page_num=22,-34
Los Angeles Kings,2010,46,30,0.561,219,198,22,https://www.scrapethissite.com/pages/forms/?page_num=22,21
Minnesota Wild,2010,39,35,0.47600000000000003,206,233,22,https://www.scrapethissite.com/pages/forms/?page_num=22,-27
Montreal Canadiens,2010,44,30,0.537,216,209,22,https://www.scrapethissite.com/pages/forms/?page_num=22,7
Nashville Predators,2010,44,27,0.537,219,194,22,https://www.scrapethissite.com/pages/forms/?page_num=22,25
New Jersey Devils,2010,38,39,0.463,174,209,22,https://www.scrapethissite.com/pages/forms/?page_num=22,-35
New York Islanders,2010,30,39,0.366,229,264,22,https://www.scrapethissite.com/pages/forms/?page_num=22,-35
New York Rangers,2010,44,33,0.537,233,198,22,https://www.scrapethissite.com/pages/forms/?page_num=22,35
Ottawa Senators,2010,32,40,0.39,192,250,22,https://www.scrapethissite.com/pages/forms/?page_num=22,-58
Philadelphia Flyers,2010,47,23,0.5730000000000001,259,223,22,https://www.scrapethissite.com/pages/forms/?page_num=22,36
Phoenix Coyotes,2010,43,26,0.524,231,226,22,https://www.scrapethissite.com/pages/forms/?page_num=22,5
Pittsburgh Penguins,2010,49,25,0.598,238,199,22,https://www.scrapethissite.com/pages/forms/?page_num=22,39
San Jose Sharks,2010,48,25,0.585,248,213,22,https://www.scrapethissite.com/pages/forms/?page_num=22,35
St. Louis Blues,2010,38,33,0.463,240,234,22,https://www.scrapethissite.com/pages/forms/?page_num=22,6
Tampa Bay Lightning,2010,46,25,0.561,247,240,22,https://www.scrapethissite.com/pages/forms/?page_num=22,7
Toronto Maple Leafs,2010,37,34,0.451,218,251,22,https://www.scrapethissite.com/pages/forms/?page_num=22,-33
Vancouver Canucks,2010,54,19,0.659,262,185,23,https://www.scrapethissite.com/pages/forms/?page_num=23,77
Washington Capitals,2010,48,23,0.585,224,197,23,https://www.scrapethissite.com/pages/forms/?page_num=23,27
Anaheim Ducks,2011,34,36,0.41500000000000004,204,231,23,https://www.scrapethissite.com/pages/forms/?page_num=23,-27
Boston Bruins,2011,49,29,0.598,269,202,23,https://www.scrapethissite.com/pages/forms/?page_num=23,67
Buffalo Sabres,2011,39,32,0.47600000000000003,218,230,23,https://www.scrapethissite.com/pages/forms/?page_num=23,-12
Calgary Flames,2011,37,29,0.451,202,226,23,https://www.scrapethissite.com/pages/forms/?page_num=23,-24
Carolina Hurricanes,2011,33,33,0.402,213,243,23,https://www.scrapethissite.com/pages/forms/?page_num=23,-30
Columbus Blue Jackets,2011,29,46,0.354,202,262,23,https://www.scrapethissite.com/pages/forms/?page_num=23,-60
Chicago Blackhawks,2011,45,26,0.549,248,238,23,https://www.scrapethissite.com/pages/forms/?page_num=23,10
Colorado Avalanche,2011,41,35,0.5,208,220,23,https://www.scrapethissite.com/pages/forms/?page_num=23,-12
Dallas Stars,2011,42,35,0.512,211,222,23,https://www.scrapethissite.com/pages/forms/?page_num=23,-11
Detroit Red Wings,2011,48,28,0.585,248,203,23,https://www.scrapethissite.com/pages/forms/?page_num=23,45
Edmonton Oilers,2011,32,40,0.39,212,239,23,https://www.scrapethissite.com/pages/forms/?page_num=23,-27
Florida Panthers,2011,38,26,0.463,203,227,23,https://www.scrapethissite.com/pages/forms/?page_num=23,-24
Los Angeles Kings,2011,40,27,0.48800000000000004,194,179,23,https://www.scrapethissite.com/pages/forms/?page_num=23,15
Minnesota Wild,2011,35,36,0.42700000000000005,177,226,23,https://www.scrapethissite.com/pages/forms/?page_num=23,-49
Montreal Canadiens,2011,31,35,0.378,212,226,23,https://www.scrapethissite.com/pages/forms/?page_num=23,-14
Nashville Predators,2011,48,26,0.585,237,210,23,https://www.scrapethissite.com/pages/forms/?page_num=23,27
New Jersey Devils,2011,48,28,0.585,228,209,23,https://www.scrapethissite.com/pages/forms/?page_num=23,19
New York Islanders,2011,34,37,0.41500000000000004,203,255,23,https://www.scrapethissite.com/pages/forms/?page_num=23,-52
New York Rangers,2011,51,24,0.622,226,187,23,https://www.scrapethissite.com/pages/forms/?page_num=23,39
Ottawa Senators,2011,41,31,0.5,249,240,23,https://www.scrapethissite.com/pages/forms/?page_num=23,9
Philadelphia Flyers,2011,47,26,0.5730000000000001,264,232,23,https://www.scrapethissite.com/pages/forms/?page_num=23,32
Phoenix Coyotes,2011,42,27,0.512,216,204,23,https://www.scrapethissite.com/pages/forms/?page_num=23,12
Pittsburgh Penguins,2011,51,25,0.622,282,221,23,https://www.scrapethissite.com/pages/forms/?page_num=23,61
San Jose Sharks,2011,43,29,0.524,228,210,24,https://www.scrapethissite.com/pages/forms/?page_num=24,18
St. Louis Blues,2011,49,22,0.598,210,165,24,https://www.scrapethissite.com/pages/forms/?page_num=24,45
Tampa Bay Lightning,2011,38,36,0.463,235,281,24,https://www.scrapethissite.com/pages/forms/?page_num=24,-46
Toronto Maple Leafs,2011,35,37,0.42700000000000005,231,264,24,https://www.scrapethissite.com/pages/forms/?page_num=24,-33
Vancouver Canucks,2011,51,22,0.622,249,198,24,https://www.scrapethissite.com/pages/forms/?page_num=24,51
Washington Capitals,2011,42,32,0.512,222,230,24,https://www.scrapethissite.com/pages/forms/?page_num=24,-8
Winnipeg Jets,2011,37,35,0.451,225,246,24,https://www.scrapethissite.com/pages/forms/?page_num=24,-21
