YEAR,Bachelor's or higher,High school,Some college / associate,premium
2003,37.6540490463215,21.9838791401756,24.9030188010899,71.280276816609
2004,36.8157738410012,22.2555505023797,24.9129296668429,65.4228855721393
2005,37.6968964334705,21.5680100308642,24.2337191358025,74.7815230961299
2006,35.9822261728395,20.9379333333333,23.8847535802469,71.8518518518518
2007,36.3231342781163,20.9027932810449,24.1650789376241,73.771676300578
2008,36.2445298940138,21.7145005765025,23.703922550685,66.9139465875371
2009,36.7150091650456,22.0290054990274,24.0116159939399,66.6666666666667
2010,36.7074567554932,20.8008921614462,24.2557116207867,76.4705882352941
2011,35.4426346674692,20.848608627923,23.7828572496307,70
2012,34.5969788056068,20.4992493962535,23.7107984683332,68.7719298245614
2013,36.2343230161626,20.1563955010839,23.1129236515057,79.7658862876255
2014,35.6446532156368,19.8025851197982,22.442929802438,80.0000000000001
2015,34.9325079371754,20.3827992122397,22.7270412382695,71.3822894168466
2016,37.7177220485454,20.9179740997132,22.2253474809453,80.3125
2017,37.0235752840851,20.8538335655592,23.0996310264656,77.5384615384616
2018,36.0147966119211,20.6367281279314,23.7185835572444,74.5179584120983
2019,37.09833673055,20.88369179826,23.6080324648954,77.6426174496644
2020,40.9132218382646,22.3552783996505,24.4989352324937,83.013698630137
2021,38.209326882,21.5605606344843,23.3339400806107,77.2186147186147
2022,38.6816241070695,20.9644851642019,23.2626989421682,84.5102505694761
2023,37.1768504604984,20.653805811388,23.8313143977554,80
2024,38,21.65,24.05,75.5196304849885
