YEAR,education,median_wage,sample_n
2003,Bachelor's or higher,37.6540490463215,3286
2003,High school,21.9838791401756,3213
2003,Some college / associate,24.9030188010899,2824
2004,Bachelor's or higher,36.8157738410012,3208
2004,High school,22.2555505023797,3081
2004,Some college / associate,24.9129296668429,2821
2005,Bachelor's or higher,37.6968964334705,3172
2005,High school,21.5680100308642,2955
2005,Some college / associate,24.2337191358025,2731
2006,Bachelor's or higher,35.9822261728395,3163
2006,High school,20.9379333333333,2851
2006,Some college / associate,23.8847535802469,2694
2007,Bachelor's or higher,36.3231342781163,3166
2007,High school,20.9027932810449,2797
2007,Some college / associate,24.1650789376241,2618
2008,Bachelor's or higher,36.2445298940138,3260
2008,High school,21.7145005765025,2651
2008,Some college / associate,23.703922550685,2527
2009,Bachelor's or higher,36.7150091650456,3163
2009,High school,22.0290054990274,2547
2009,Some college / associate,24.0116159939399,2559
2010,Bachelor's or higher,36.7074567554932,3082
2010,High school,20.8008921614462,2562
2010,Some college / associate,24.2557116207867,2598
2011,Bachelor's or higher,35.4426346674692,3148
2011,High school,20.848608627923,2363
2011,Some college / associate,23.7828572496307,2509
2012,Bachelor's or higher,34.5969788056068,3259
2012,High school,20.4992493962535,2276
2012,Some college / associate,23.7107984683332,2407
2013,Bachelor's or higher,36.2343230161626,3236
2013,High school,20.1563955010839,2294
2013,Some college / associate,23.1129236515057,2437
2014,Bachelor's or higher,35.6446532156368,3307
2014,High school,19.8025851197982,2183
2014,Some college / associate,22.442929802438,2278
2015,Bachelor's or higher,34.9325079371754,3521
2015,High school,20.3827992122397,2181
2015,Some college / associate,22.7270412382695,2366
2016,Bachelor's or higher,37.7177220485454,3452
2016,High school,20.9179740997132,2207
2016,Some college / associate,22.2253474809453,2325
2017,Bachelor's or higher,37.0235752840851,3480
2017,High school,20.8538335655592,2100
2017,Some college / associate,23.0996310264656,2263
2018,Bachelor's or higher,36.0147966119211,3470
2018,High school,20.6367281279314,2002
2018,Some college / associate,23.7185835572444,2225
2019,Bachelor's or higher,37.09833673055,3348
2019,High school,20.88369179826,1930
2019,Some college / associate,23.6080324648954,2077
2020,Bachelor's or higher,40.9132218382646,3140
2020,High school,22.3552783996505,1488
2020,Some college / associate,24.4989352324937,1608
2021,Bachelor's or higher,38.209326882,3244
2021,High school,21.5605606344843,1722
2021,Some college / associate,23.3339400806107,1704
2022,Bachelor's or higher,38.6816241070695,3034
2022,High school,20.9644851642019,1651
2022,Some college / associate,23.2626989421682,1581
2023,Bachelor's or higher,37.1768504604984,3002
2023,High school,20.653805811388,1570
2023,Some college / associate,23.8313143977554,1447
2024,Bachelor's or higher,38,3049
2024,High school,21.65,1523
2024,Some college / associate,24.05,1455
