YEAR,sex,Bachelor's or higher,High school,Some college / associate,premium
2003,Men,42.7886920980926,24.95056179231,28.2405367847412,71.4939024390244
2003,Women,34.2309536784741,19.4382915531335,22.2501198910082,76.1006289308176
2004,Men,41.5215494447382,24.9129296668429,28.7661294553147,66.6666666666667
2004,Women,33.5494119513485,19.118366766555,22.836852194606,75.4826254826255
2005,Men,42.3282294238683,24.2337191358025,27.400258436214,74.6666666666667
2005,Women,33.6040905349794,18.2560684156379,22.2950216049383,84.070796460177
2006,Men,40.3249086419753,23.2643703703704,26.8625929876543,73.3333333333334
2006,Women,32.2599269135803,17.9911130864198,21.713412345679,79.3103448275862
2007,Men,41.5337294240415,22.6883241136582,27.4603169745729,83.0621301775148
2007,Women,32.6983724374727,18.1238092032181,21.7485710438617,80.4166666666666
2008,Men,41.8261874976919,24.4288131485653,26.4585068226301,71.2166172106825
2008,Women,31.6374474274858,18.1222649470069,21.7467179364083,74.5777777777778
2009,Men,42.4262328129416,24.0116159939399,27.5362568737842,76.6904519198097
2009,Women,31.7951979369295,19.499749312102,21.2947053157265,63.0543933054393
2010,Men,41.5298089174894,23.3920067559516,27.7105310801272,77.5384615384616
2010,Women,34.1369065625315,17.2740972967027,21.5926216208784,97.6190476190476
2011,Men,40.0988239277053,23.7674138358323,26.7557144058346,68.7134502923977
2011,Women,32.1068572870015,17.3738405232692,20.848608627923,84.8
2012,Men,41.3401529491112,23.6424676370124,26.6490242151296,74.8554913294798
2012,Women,32.2521523834389,17.7660161434197,20.4992493962535,81.5384615384615
2013,Men,40.447616390135,22.0439509326236,25.6168237137522,83.4862385321101
2013,Women,32.4255058060916,17.0554115778403,20.2238081950675,90.1185770750988
2014,Men,40.6613081126524,21.7828436317781,25.4133175704077,86.6666666666667
2014,Women,32.3882281070478,17.4922835224884,19.8319222829387,85.1572327044026
2015,Men,39.0340143301351,23.1122453270537,26.0838197262463,68.8888888888889
2015,Women,31.7628285780366,17.2068308067534,20.3387758878072,84.594298245614
2016,Men,41.5091048541184,22.6175594953149,26.1474676246415,83.5260115606936
2016,Women,33.9917079120339,18.303227337249,19.8720753947275,85.7142857142858
2017,Men,41.9993291390283,23.7650524963638,26.4362443969551,76.7272727272727
2017,Women,35.932759374502,17.966379687251,20.9179992072994,100
2018,Men,39.0108282191519,22.7823236799847,27.0267017902285,71.2328767123288
2018,Women,32.2073397777319,18.7251975451929,21.2218905512187,72.0000000000001
2019,Men,42.3104997422801,23.5467129000515,26.9806085313091,79.6875
2019,Women,33.0512454508536,18.3958694531653,21.2165694359839,79.6666666666667
2020,Men,45.3230301801134,25.356397965631,28.2962701935303,78.743961352657
2020,Women,37.0546395391468,18.9131779994852,22.0490417092444,95.919689119171
2021,Men,44.7233851545039,23.3339400806107,26.9507007931054,91.6666666666667
2021,Women,33.659208566281,18.6671520644886,21.4088900239603,80.3125
2022,Men,43.6959087135415,23.6387702876536,25.8414738826395,84.8484848484848
2022,Women,34.6159879396598,18.1051490612256,21.1029749295235,91.194161520571
2023,Men,42.0821293407031,23.2824720055647,27.3146581855606,80.7459677419355
2023,Women,34.8532973067173,18.5884252302492,20.653805811388,87.5
2024,Men,41.6666666666667,25,25.95,66.6666666666667
2024,Women,34.6,19,21.8181818181818,82.1052631578948
