YEAR,education,capped,uncapped
2003,Some college / associate,14.55,14.55
2003,High school,12.8444444444444,12.8444444444444
2003,Bachelor's or higher,22,22
2004,High school,13.4,13.4
2004,Bachelor's or higher,22.1666666666667,22.1666666666667
2004,Some college / associate,15,15
2005,Bachelor's or higher,23.3333333333333,23.3333333333333
2005,High school,13.35,13.35
2005,Some college / associate,15,15
2006,Bachelor's or higher,23.2,23.2
2006,High school,13.5,13.5
2006,Some college / associate,15.4,15.4
2007,High school,13.84,13.84
2007,Bachelor's or higher,24.05,24.05
2007,Some college / associate,16,16
2008,High school,14.9777777777778,14.9777777777778
2008,Some college / associate,16.35,16.35
2008,Bachelor's or higher,25,25
2009,Some college / associate,16.35,16.35
2009,Bachelor's or higher,25,25
2009,High school,15,15
2010,Some college / associate,16.85,16.85
2010,High school,14.45,14.45
2010,Bachelor's or higher,25.5,25.5
2011,Bachelor's or higher,25.5,25.5
2011,Some college / associate,17.1111111111111,17.1111111111111
2011,High school,15,15
2012,Bachelor's or higher,25.3157894736842,25.3157894736842
2012,Some college / associate,17.35,17.35
2012,High school,15,15
2013,Bachelor's or higher,26.875,26.875
2013,Some college / associate,17.1428571428571,17.1428571428571
2013,High school,14.95,14.95
2014,Bachelor's or higher,27,27
2014,Some college / associate,17,17
2014,High school,15,15
2015,Bachelor's or higher,26.45,26.45
2015,Some college / associate,17.2083333333333,17.2083333333333
2015,High school,15.4333333333333,15.4333333333333
2016,Some college / associate,17,17
2016,Bachelor's or higher,28.85,28.85
2016,High school,16,16
2017,High school,16.25,16.25
2017,Some college / associate,18,18
2017,Bachelor's or higher,28.85,28.85
2018,Bachelor's or higher,28.85,28.85
2018,Some college / associate,19,19
2018,High school,16.53125,16.53125
2019,High school,17.0285714285714,17.0285714285714
2019,Bachelor's or higher,30.25,30.25
2019,Some college / associate,19.25,19.25
2020,High school,18.25,18.25
2020,Some college / associate,20,20
2020,Bachelor's or higher,33.4,33.4
2021,Some college / associate,20,20
2021,Bachelor's or higher,32.75,32.75
2021,High school,18.48,18.48
2022,Some college / associate,21.65,21.65
2022,High school,19.5111111111111,19.5111111111111
2022,Bachelor's or higher,36,36
2023,High school,20,20
2023,Bachelor's or higher,36,36
2023,Some college / associate,23.0769230769231,23.0769230769231
2024,Some college / associate,24.05,24.05
2024,Bachelor's or higher,38,38
2024,High school,21.65,21.65
