date,cpi,category,id,yoy,index
2015-01-01,273.589,Cereals and bakery products,CUUR0000SAF111,0.8991300050525286,100
2015-02-01,273.052,Cereals and bakery products,CUUR0000SAF111,0.9124741761308064,99.80372017880836
2015-03-01,273.812,Cereals and bakery products,CUUR0000SAF111,1.1645607034656003,100.08150912500138
2015-04-01,273.366,Cereals and bakery products,CUUR0000SAF111,0.8712016383461529,99.91849087499862
2015-05-01,273.595,Cereals and bakery products,CUUR0000SAF111,0.8228860341536359,100.00219307062785
2015-06-01,274.479,Cereals and bakery products,CUUR0000SAF111,1.3361145979472688,100.32530547646286
2015-07-01,275.526,Cereals and bakery products,CUUR0000SAF111,1.2989304871816598,100.70799630102088
2015-08-01,274.968,Cereals and bakery products,CUUR0000SAF111,1.051053258265111,100.50404073263181
2015-09-01,273.53,Cereals and bakery products,CUUR0000SAF111,1.0603709450971444,99.9784348054929
2015-10-01,275.753,Cereals and bakery products,CUUR0000SAF111,1.636486272312787,100.79096747310747
2015-11-01,273.752,Cereals and bakery products,CUUR0000SAF111,1.2606161039268482,100.05957841872298
2015-12-01,273.245,Cereals and bakery products,CUUR0000SAF111,0.9643985441646574,99.87426395067054
2016-01-01,274.58,Cereals and bakery products,CUUR0000SAF111,0.36222216536483387,100.36222216536484
2016-02-01,274.801,Cereals and bakery products,CUUR0000SAF111,0.64053733354818565,100.44300026682359
2016-03-01,273.162,Cereals and bakery products,CUUR0000SAF111,-0.23738915752414824,99.84392647365208
2016-04-01,273.924,Cereals and bakery products,CUUR0000SAF111,0.20412194640151426,100.1224464433877
2016-05-01,273.074,Cereals and bakery products,CUUR0000SAF111,-0.19042745664211713,99.81176143777711
2016-06-01,273.379,Cereals and bakery products,CUUR0000SAF111,-0.4007592566280027,99.92324252802563
2016-07-01,273.418,Cereals and bakery products,CUUR0000SAF111,-0.7650820612210896,99.93749748710657
2016-08-01,273.104,Cereals and bakery products,CUUR0000SAF111,-0.6778970643856908,99.82272679091629
2016-09-01,272.089,Cereals and bakery products,CUUR0000SAF111,-0.5268160713632786,99.4517323430401
2016-10-01,272.502,Cereals and bakery products,CUUR0000SAF111,-1.1789536287909796,99.60268870458974
2016-11-01,271.896,Cereals and bakery products,CUUR0000SAF111,-0.6779859142581612,99.38118857117794
2016-12-01,271.374,Cereals and bakery products,CUUR0000SAF111,-0.6847334809420014,99.19039142655589
2017-01-01,272.922,Cereals and bakery products,CUUR0000SAF111,-0.6038313059945954,99.75620364853852
2017-02-01,271.708,Cereals and bakery products,CUUR0000SAF111,-1.1255417556704561,99.3124723581723
2017-03-01,272.174,Cereals and bakery products,CUUR0000SAF111,-0.3616901325953048,99.48280084360115
2017-04-01,271.865,Cereals and bakery products,CUUR0000SAF111,-0.7516683459645623,99.36985770626742
2017-05-01,272.445,Cereals and bakery products,CUUR0000SAF111,-0.23034049378557464,99.58185453362526
2017-06-01,272.429,Cereals and bakery products,CUUR0000SAF111,-0.3475029171955635,99.57600634528434
2017-07-01,271.95,Cereals and bakery products,CUUR0000SAF111,-0.5369068605578287,99.40092620682849
2017-08-01,272.544,Cereals and bakery products,CUUR0000SAF111,-0.20505009080790115,99.6180401989846
2017-09-01,271.75,Cereals and bakery products,CUUR0000SAF111,-0.12459158584139374,99.32782385256718
2017-10-01,270.858,Cereals and bakery products,CUUR0000SAF111,-0.6032983244159684,99.00178735256169
2017-11-01,269.646,Cereals and bakery products,CUUR0000SAF111,-0.8275222879336241,98.5587870857381
2017-12-01,269.847,Cereals and bakery products,CUUR0000SAF111,-0.562692078091509,98.6322549517707
2018-01-01,272.273,Cereals and bakery products,CUUR0000SAF111,-0.23779687969456287,99.51898650896054
2018-02-01,271.245,Cereals and bakery products,CUUR0000SAF111,-0.1704035214274202,99.14324040805734
2018-03-01,272.345,Cereals and bakery products,CUUR0000SAF111,0.06282745596568606,99.54530335649461
2018-04-01,271.766,Cereals and bakery products,CUUR0000SAF111,-0.036415132510614345,99.33367204090808
2018-05-01,271.91,Cereals and bakery products,CUUR0000SAF111,-0.1963699095230087,99.38630573597624
2018-06-01,273.682,Cereals and bakery products,CUUR0000SAF111,0.45993635038856784,100.03399259473152
2018-07-01,273.258,Cereals and bakery products,CUUR0000SAF111,0.48097076668505157,99.87901560369751
2018-08-01,273.338,Cereals and bakery products,CUUR0000SAF111,0.2913291064929213,99.90825654540205
2018-09-01,273.729,Cereals and bakery products,CUUR0000SAF111,0.7282428702851895,100.05117164798291
2018-10-01,272.26,Cereals and bakery products,CUUR0000SAF111,0.5176143957350332,99.51423485593354
2018-11-01,273.24,Cereals and bakery products,CUUR0000SAF111,1.3328586368794637,99.872436391814
2018-12-01,274.321,Cereals and bakery products,CUUR0000SAF111,1.6579765570860605,100.26755461659644
2019-01-01,275.05,Cereals and bakery products,CUUR0000SAF111,1.0199322004017963,100.53401269787894
2019-02-01,275.996,Cereals and bakery products,CUUR0000SAF111,1.7515530240188593,100.87978683353496
2019-03-01,277.275,Cereals and bakery products,CUUR0000SAF111,1.8102039692301952,101.3472763890361
2019-04-01,276.64,Cereals and bakery products,CUUR0000SAF111,1.793454663202887,101.11517641425642
2019-05-01,277.795,Cereals and bakery products,CUUR0000SAF111,2.1643190761649,101.53734251011554
2019-06-01,276.891,Cereals and bakery products,CUUR0000SAF111,1.1725287011933538,101.20691986885438
2019-07-01,277.49,Cereals and bakery products,CUUR0000SAF111,1.5487195251374208,101.42586141986703
2019-08-01,276.619,Cereals and bakery products,CUUR0000SAF111,1.2003453599572778,101.10750066705899
2019-09-01,277.308,Cereals and bakery products,CUUR0000SAF111,1.307497561456783,101.35933827748923
2019-10-01,276.47,Cereals and bakery products,CUUR0000SAF111,1.5463160214501004,101.05303941313431
2019-11-01,276.166,Cereals and bakery products,CUUR0000SAF111,1.0708534621578059,100.94192383465709
2019-12-01,275.036,Cereals and bakery products,CUUR0000SAF111,0.260643552626294,100.52889553308064
2020-01-01,275.916,Cereals and bakery products,CUUR0000SAF111,0.3148518451190574,100.85054589183044
2020-02-01,276.641,Cereals and bakery products,CUUR0000SAF111,0.23369903911651946,101.11554192602773
2020-03-01,277.646,Cereals and bakery products,CUUR0000SAF111,0.13380218194933846,101.48288125619086
2020-04-01,285.16,Cereals and bakery products,CUUR0000SAF111,3.0798149219201987,104.22933670578863
2020-05-01,284.937,Cereals and bakery products,CUUR0000SAF111,2.570960600442773,104.14782758078724
2020-06-01,286.092,Cereals and bakery products,CUUR0000SAF111,3.322968243821567,104.56999367664635
2020-07-01,285.204,Cereals and bakery products,CUUR0000SAF111,2.7799199971170196,104.2454192237261
2020-08-01,284.472,Cereals and bakery products,CUUR0000SAF111,2.8389228505633968,103.97786460712966
2020-09-01,284.416,Cereals and bakery products,CUUR0000SAF111,2.563214909054201,103.9573959479365
2020-10-01,284.74,Cereals and bakery products,CUUR0000SAF111,2.9912829601765,104.07582176183985
2020-11-01,282.782,Cereals and bakery products,CUUR0000SAF111,2.395660580954928,103.36014971362151
2020-12-01,283.735,Cereals and bakery products,CUUR0000SAF111,3.1628586803182257,103.70848243167671
2021-01-01,282.911,Cereals and bakery products,CUUR0000SAF111,2.5351918699894282,103.40730073212008
2021-02-01,284.095,Cereals and bakery products,CUUR0000SAF111,2.6944668360799673,103.8400666693471
2021-03-01,284.746,Cereals and bakery products,CUUR0000SAF111,2.557213141914505,104.07801483246767
2021-04-01,285.377,Cereals and bakery products,CUUR0000SAF111,0.07609762940103959,104.30865276016215
2021-05-01,286.649,Cereals and bakery products,CUUR0000SAF111,0.6008345704489049,104.77358373326413
2021-06-01,286.761,Cereals and bakery products,CUUR0000SAF111,0.2338408623799415,104.81452105165047
2021-07-01,289.533,Cereals and bakery products,CUUR0000SAF111,1.5178608995666254,105.82771968171237
2021-08-01,288.99,Cereals and bakery products,CUUR0000SAF111,1.5882055175904908,105.62924678989287
2021-09-01,292.069,Cereals and bakery products,CUUR0000SAF111,2.6907768901890172,106.75465753374588
2021-10-01,294.625,Cereals and bakery products,CUUR0000SAF111,3.471588115473767,107.68890562120554
2021-11-01,295.909,Cereals and bakery products,CUUR0000SAF111,4.642091788020464,108.15822273556319
2021-12-01,297.279,Cereals and bakery products,CUUR0000SAF111,4.773468200962161,108.65897386225323
2022-01-01,302.242,Cereals and bakery products,CUUR0000SAF111,6.832890909155176,110.47300878324786
2022-02-01,306.193,Cereals and bakery products,CUUR0000SAF111,7.77838399127051,111.91714579168021
2022-03-01,311.606,Cereals and bakery products,CUUR0000SAF111,9.432968329669244,113.89566100976282
2022-04-01,314.787,Cereals and bakery products,CUUR0000SAF111,10.305665838522371,115.05835395428909
2022-05-01,319.93,Cereals and bakery products,CUUR0000SAF111,11.610366685388751,116.93818099411892
2022-06-01,326.378,Cereals and bakery products,CUUR0000SAF111,13.815337511028325,119.29500089550383
2022-07-01,332.968,Cereals and bakery products,CUUR0000SAF111,15.001744188054555,121.70372346841431
2022-08-01,336.399,Cereals and bakery products,CUUR0000SAF111,16.405065919235962,122.95779435576723
2022-09-01,339.336,Cereals and bakery products,CUUR0000SAF111,16.183504582821186,124.03130242809469
2022-10-01,341.492,Cereals and bakery products,CUUR0000SAF111,15.907339838778123,124.81934580703174
2022-11-01,344.393,Cereals and bakery products,CUUR0000SAF111,16.384766938484454,125.87969545559213
2022-12-01,345.029,Cereals and bakery products,CUUR0000SAF111,16.062352201130924,126.11216094214315
2023-01-01,349.294,Cereals and bakery products,CUUR0000SAF111,15.567657704753124,127.67106864676578
2023-02-01,350.772,Cereals and bakery products,CUUR0000SAF111,14.559117941951637,128.2112950447569
2023-03-01,353.866,Cereals and bakery products,CUUR0000SAF111,13.561998164348577,129.3421884651795
2023-04-01,353.742,Cereals and bakery products,CUUR0000SAF111,12.375034547169994,129.2968650055375
2023-05-01,354.195,Cereals and bakery products,CUUR0000SAF111,10.710155346482031,129.4624418379394
2023-06-01,355.074,Cereals and bakery products,CUUR0000SAF111,8.792259282182012,129.7837266849179
2023-07-01,356.377,Cereals and bakery products,CUUR0000SAF111,7.030405324235356,130.2599885229304
2023-08-01,356.563,Cereals and bakery products,CUUR0000SAF111,5.994072515078819,130.3279737123934
2023-09-01,355.576,Cereals and bakery products,CUUR0000SAF111,4.785817007331961,129.96721359411382
2023-10-01,355.752,Cereals and bakery products,CUUR0000SAF111,4.175793283590834,130.03154366586378
2023-11-01,356.169,Cereals and bakery products,CUUR0000SAF111,3.41934940605646,130.18396207449862
2023-12-01,353.844,Cereals and bakery products,CUUR0000SAF111,2.5548577076129897,129.3341472062108
2024-01-01,354.532,Cereals and bakery products,CUUR0000SAF111,1.4995963285942437,129.5856193048697
2024-02-01,356.633,Cereals and bakery products,CUUR0000SAF111,1.670885931602295,130.35355953638486
2024-03-01,354.666,Cereals and bakery products,CUUR0000SAF111,0.226074276703625,129.6345978822248
2024-04-01,355.852,Cereals and bakery products,CUUR0000SAF111,0.5964799203939553,130.0680948429944
2024-05-01,356.758,Cereals and bakery products,CUUR0000SAF111,0.7236126992193448,130.39924850779818
2024-06-01,356.938,Cereals and bakery products,CUUR0000SAF111,0.5249609940463085,130.46504062663337
2024-07-01,356.525,Cereals and bakery products,CUUR0000SAF111,0.04152905490533154,130.31408426508375
2024-08-01,355.652,Cereals and bakery products,CUUR0000SAF111,-0.2554948213920105,129.9949924887331
2024-09-01,356.088,Cereals and bakery products,CUUR0000SAF111,0.14399172047607767,130.15435562102277
2024-10-01,359.007,Cereals and bakery products,CUUR0000SAF111,0.914963232813859,131.2212844814667
2024-11-01,354.371,Cereals and bakery products,CUUR0000SAF111,-0.5048165337241617,129.52677190968936
2024-12-01,356.574,Cereals and bakery products,CUUR0000SAF111,0.7715264353783002,130.3319943418778
2015-01-01,227.8,Dairy and related products,CUUR0000SEFJ,3.846609713624072,100
2015-02-01,225.535,Dairy and related products,CUUR0000SEFJ,2.1162631700481382,99.00570676031606
2015-03-01,224.449,Dairy and related products,CUUR0000SEFJ,0.6213491255833592,98.5289727831431
2015-04-01,222.691,Dairy and related products,CUUR0000SEFJ,-0.66021028589781094,97.75724319578576
2015-05-01,221.039,Dairy and related products,CUUR0000SEFJ,-1.9743581783752018,97.03204565408251
2015-06-01,219.696,Dairy and related products,CUUR0000SEFJ,-2.149455287232427,96.44249341527654
2015-07-01,221.443,Dairy and related products,CUUR0000SEFJ,-1.6420893666163172,97.20939420544337
2015-08-01,220.716,Dairy and related products,CUUR0000SEFJ,-2.506294447634605,96.89025460930641
2015-09-01,222.31,Dairy and related products,CUUR0000SEFJ,-2.3259696666139473,97.58999122036874
2015-10-01,221.874,Dairy and related products,CUUR0000SEFJ,-3.040234933203978,97.39859525899911
2015-11-01,220.613,Dairy and related products,CUUR0000SEFJ,-3.41444407474214,96.84503950834065
2015-12-01,220.848,Dairy and related products,CUUR0000SEFJ,-3.924827076173487,96.94820017559263
2016-01-01,220.869,Dairy and related products,CUUR0000SEFJ,-3.0425812115891127,96.95741878841089
2016-02-01,219.732,Dairy and related products,CUUR0000SEFJ,-2.5729931052829946,96.45829675153644
2016-03-01,218.131,Dairy and related products,CUUR0000SEFJ,-2.8148933610753546,95.75548726953467
2016-04-01,218.315,Dairy and related products,CUUR0000SEFJ,-1.9650547170743327,95.83625987708515
2016-05-01,216.122,Dairy and related products,CUUR0000SEFJ,-2.2244943200068645,94.87357330992099
2016-06-01,214.815,Dairy and related products,CUUR0000SEFJ,-2.2217063578763407,94.29982440737489
2016-07-01,214.605,Dairy and related products,CUUR0000SEFJ,-3.087927818896974,94.20763827919227
2016-08-01,215.506,Dairy and related products,CUUR0000SEFJ,-2.36049946537632,94.60316066725197
2016-09-01,216.693,Dairy and related products,CUUR0000SEFJ,-2.5266519724708725,95.12423178226516
2016-10-01,218.183,Dairy and related products,CUUR0000SEFJ,-1.6635567934954132,95.77831431079893
2016-11-01,216.773,Dairy and related products,CUUR0000SEFJ,-1.7406045881249055,95.15935030728708
2016-12-01,217.929,Dairy and related products,CUUR0000SEFJ,-1.3217235383612302,95.66681299385426
2017-01-01,219.804,Dairy and related products,CUUR0000SEFJ,-0.4821862733113247,96.4899034240562
2017-02-01,220.552,Dairy and related products,CUUR0000SEFJ,0.3731818761036232,96.81826163301142
2017-03-01,218.567,Dairy and related products,CUUR0000SEFJ,0.19987988869074602,95.9468832309043
2017-04-01,217.827,Dairy and related products,CUUR0000SEFJ,-0.22353022009481416,95.62203687445127
2017-05-01,217.015,Dairy and related products,CUUR0000SEFJ,0.413192548653063,95.26558384547849
2017-06-01,215.192,Dairy and related products,CUUR0000SEFJ,0.17549984870703916,94.46532045654082
2017-07-01,216.434,Dairy and related products,CUUR0000SEFJ,0.852263460776781,95.01053555750659
2017-08-01,216.537,Dairy and related products,CUUR0000SEFJ,0.4784089538110381,95.05575065847235
2017-09-01,216.564,Dairy and related products,CUUR0000SEFJ,-0.059531226204823096,95.06760316066723
2017-10-01,217.17,Dairy and related products,CUUR0000SEFJ,-0.4642891517670944,95.33362598770852
2017-11-01,216.878,Dairy and related products,CUUR0000SEFJ,0.04843776669603006,95.2054433713784
2017-12-01,216.916,Dairy and related products,CUUR0000SEFJ,-0.4648302887637734,95.22212467076382
2018-01-01,217.897,Dairy and related products,CUUR0000SEFJ,-0.8675911266400993,95.65276558384548
2018-02-01,216.412,Dairy and related products,CUUR0000SEFJ,-1.8771083463310134,95.00087796312555
2018-03-01,216.497,Dairy and related products,CUUR0000SEFJ,-0.94707801269176,95.03819139596136
2018-04-01,216.906,Dairy and related products,CUUR0000SEFJ,-0.4228125989890974,95.21773485513609
2018-05-01,215.659,Dairy and related products,CUUR0000SEFJ,-0.6248416008109992,94.67032484635644
2018-06-01,216.126,Dairy and related products,CUUR0000SEFJ,0.4340310048700724,94.87532923617209
2018-07-01,215.622,Dairy and related products,CUUR0000SEFJ,-0.3751721078943171,94.6540825285338
2018-08-01,216.435,Dairy and related products,CUUR0000SEFJ,-0.04710511367572723,95.01097453906935
2018-09-01,216.638,Dairy and related products,CUUR0000SEFJ,0.03417003749468517,95.10008779631255
2018-10-01,216.8,Dairy and related products,CUUR0000SEFJ,-0.1703734401620749,95.171202809482
2018-11-01,215.896,Dairy and related products,CUUR0000SEFJ,-0.45278912568356144,94.77436347673397
2018-12-01,216.652,Dairy and related products,CUUR0000SEFJ,-0.12170609821313683,95.10623353819138
2019-01-01,217.079,Dairy and related products,CUUR0000SEFJ,-0.3754067288673002,95.29367866549605
2019-02-01,216.595,Dairy and related products,CUUR0000SEFJ,0.08456093007780385,95.08121158911325
2019-03-01,217.531,Dairy and related products,CUUR0000SEFJ,0.47760477050489136,95.49209833187007
2019-04-01,217.51,Dairy and related products,CUUR0000SEFJ,0.2784616377601301,95.4828797190518
2019-05-01,217.841,Dairy and related products,CUUR0000SEFJ,1.0117824899494199,95.62818261633012
2019-06-01,217.433,Dairy and related products,CUUR0000SEFJ,0.6047398276930904,95.44907813871816
2019-07-01,217.626,Dairy and related products,CUUR0000SEFJ,0.9294042351893461,95.53380158033363
2019-08-01,218.758,Dairy and related products,CUUR0000SEFJ,1.0733014530921459,96.0307287093942
2019-09-01,219.771,Dairy and related products,CUUR0000SEFJ,1.4461913422391115,96.47541703248463
2019-10-01,220.738,Dairy and related products,CUUR0000SEFJ,1.8164206642066416,96.89991220368744
2019-11-01,221.515,Dairy and related products,CUUR0000SEFJ,2.602642012820988,97.24100087796312
2019-12-01,221.924,Dairy and related products,CUUR0000SEFJ,2.4333954913871247,97.42054433713784
2020-01-01,223.035,Dairy and related products,CUUR0000SEFJ,2.743701601721038,97.90825285338015
2020-02-01,224.443,Dairy and related products,CUUR0000SEFJ,3.623352339620034,98.52633889376646
2020-03-01,225.627,Dairy and related products,CUUR0000SEFJ,3.7217683916315414,99.04609306409131
2020-04-01,228.755,Dairy and related products,CUUR0000SEFJ,5.169877247023136,100.41922739244951
2020-05-01,230.166,Dairy and related products,CUUR0000SEFJ,5.657796282609784,101.03863037752413
2020-06-01,228.437,Dairy and related products,CUUR0000SEFJ,5.060869325263417,100.27963125548727
2020-07-01,227.114,Dairy and related products,CUUR0000SEFJ,4.35977318886529,99.69885864793679
2020-08-01,231.231,Dairy and related products,CUUR0000SEFJ,5.701734336572817,101.50614574187883
2020-09-01,230.656,Dairy and related products,CUUR0000SEFJ,4.952882773432354,101.25373134328359
2020-10-01,229.155,Dairy and related products,CUUR0000SEFJ,3.813117813878897,100.59482001755926
2020-11-01,229.503,Dairy and related products,CUUR0000SEFJ,3.6060763379455185,100.74758560140474
2020-12-01,231.74,Dairy and related products,CUUR0000SEFJ,4.423135848308424,101.72958735733098
2021-01-01,231.546,Dairy and related products,CUUR0000SEFJ,3.8159930055820857,101.64442493415275
2021-02-01,230.452,Dairy and related products,CUUR0000SEFJ,2.6772944578356217,101.16417910447761
2021-03-01,229.249,Dairy and related products,CUUR0000SEFJ,1.6053043297123093,100.63608428446004
2021-04-01,230.17,Dairy and related products,CUUR0000SEFJ,0.6185657144106127,101.04038630377524
2021-05-01,230.38,Dairy and related products,CUUR0000SEFJ,0.0929763735738609,101.13257243195785
2021-06-01,230.152,Dairy and related products,CUUR0000SEFJ,0.7507540372181376,101.03248463564529
2021-07-01,231.233,Dairy and related products,CUUR0000SEFJ,1.8136266368431686,101.50702370500439
2021-08-01,230.145,Dairy and related products,CUUR0000SEFJ,-0.46966020991994206,101.02941176470588
2021-09-01,231.973,Dairy and related products,CUUR0000SEFJ,0.5709801609323106,101.83187006145742
2021-10-01,233.168,Dairy and related products,CUUR0000SEFJ,1.7512164255634843,102.35645302897278
2021-11-01,233.157,Dairy and related products,CUUR0000SEFJ,1.592136050509163,102.35162423178227
2021-12-01,235.442,Dairy and related products,CUUR0000SEFJ,1.5974799344092405,103.35469710272169
2022-01-01,238.675,Dairy and related products,CUUR0000SEFJ,3.0788698573933626,104.7739244951712
2022-02-01,242.386,Dairy and related products,CUUR0000SEFJ,5.178518737090587,106.40298507462686
2022-03-01,245.258,Dairy and related products,CUUR0000SEFJ,6.98323656809845,107.66374012291483
2022-04-01,251.03,Dairy and related products,CUUR0000SEFJ,9.062866576877958,110.19754170324846
2022-05-01,257.678,Dairy and related products,CUUR0000SEFJ,11.849118847122142,113.11589113257243
2022-06-01,261.255,Dairy and related products,CUUR0000SEFJ,13.514112412666424,114.68612818261633
2022-07-01,265.638,Dairy and related products,CUUR0000SEFJ,14.878931640380033,116.61018437225636
2022-08-01,267.461,Dairy and related products,CUUR0000SEFJ,16.2141258771644,117.41044776119404
2022-09-01,268.793,Dairy and related products,CUUR0000SEFJ,15.872536890069089,117.99517120280947
2022-10-01,269.355,Dairy and related products,CUUR0000SEFJ,15.519711109586233,118.24187884108866
2022-11-01,271.307,Dairy and related products,CUUR0000SEFJ,16.36236527318502,119.09877085162422
2022-12-01,271.376,Dairy and related products,CUUR0000SEFJ,15.262357608243216,119.12906057945565
2023-01-01,272.04,Dairy and related products,CUUR0000SEFJ,13.979260500680834,119.42054433713785
2023-02-01,272.271,Dairy and related products,CUUR0000SEFJ,12.329507479804946,119.52194907813872
2023-03-01,271.384,Dairy and related products,CUUR0000SEFJ,10.65245578125893,119.13257243195785
2023-04-01,271.102,Dairy and related products,CUUR0000SEFJ,7.995857068876222,119.00877963125546
2023-05-01,269.573,Dairy and related products,CUUR0000SEFJ,4.616226453170236,118.33757682177348
2023-06-01,268.338,Dairy and related products,CUUR0000SEFJ,2.711144284319933,117.79543459174715
2023-07-01,269.143,Dairy and related products,CUUR0000SEFJ,1.3194648356033456,118.14881474978048
2023-08-01,268.281,Dairy and related products,CUUR0000SEFJ,0.30658675470442986,117.77041264266902
2023-09-01,268.377,Dairy and related products,CUUR0000SEFJ,-0.15476593512480097,117.81255487269534
2023-10-01,268.326,Dairy and related products,CUUR0000SEFJ,-0.38202372333908663,117.79016681299386
2023-11-01,267.609,Dairy and related products,CUUR0000SEFJ,-1.363031547287774,117.47541703248461
2023-12-01,267.889,Dairy and related products,CUUR0000SEFJ,-1.2849330817758298,117.59833187006146
2024-01-01,268.941,Dairy and related products,CUUR0000SEFJ,-1.1391707101896964,118.06014047410008
2024-02-01,267.334,Dairy and related products,CUUR0000SEFJ,-1.8132669289053993,117.35469710272169
2024-03-01,266.274,Dairy and related products,CUUR0000SEFJ,-1.8829407776434937,116.88937664618086
2024-04-01,267.474,Dairy and related products,CUUR0000SEFJ,-1.3382416950077802,117.41615452151008
2024-05-01,266.749,Dairy and related products,CUUR0000SEFJ,-1.0475826585006454,117.09789288849868
2024-06-01,268.098,Dairy and related products,CUUR0000SEFJ,-0.08943943832032675,117.69007901668131
2024-07-01,268.653,Dairy and related products,CUUR0000SEFJ,-0.18205935134851803,117.93371378402108
2024-08-01,269.468,Dairy and related products,CUUR0000SEFJ,0.44244653926293065,118.29148375768219
2024-09-01,269.643,Dairy and related products,CUUR0000SEFJ,0.4717244771347717,118.36830553116766
2024-10-01,271.695,Dairy and related products,CUUR0000SEFJ,1.2555622638134034,119.26909569798067
2024-11-01,270.819,Dairy and related products,CUUR0000SEFJ,1.1995112272009,118.88454784899034
2024-12-01,271.358,Dairy and related products,CUUR0000SEFJ,1.294939321883315,119.12115891132572
2015-01-01,243.123,Food at home,CUUR0000SAF11,3.300107071840097,100
2015-02-01,242.906,Food at home,CUUR0000SAF11,2.8765765689455103,99.91074476705208
2015-03-01,241.588,Food at home,CUUR0000SAF11,1.9474792486907644,99.36863233836371
2015-04-01,241.305,Food at home,CUUR0000SAF11,1.3447961596452007,99.25223035253761
2015-05-01,241.019,Food at home,CUUR0000SAF11,0.6325572850557792,99.13459442339887
2015-06-01,241.494,Food at home,CUUR0000SAF11,0.98140474268964,99.3299687812342
2015-07-01,241.993,Food at home,CUUR0000SAF11,0.9060962388458105,99.53521468557068
2015-08-01,242.746,Food at home,CUUR0000SAF11,0.8403850068335883,99.84493445704439
2015-09-01,243.432,Food at home,CUUR0000SAF11,0.7674539900156319,100.12709616120235
2015-10-01,243.779,Food at home,CUUR0000SAF11,0.6847815761540588,100.26982227103154
2015-11-01,242.24,Food at home,CUUR0000SAF11,0.27486174123256824,99.63680935164506
2015-12-01,241.375,Food at home,CUUR0000SAF11,-0.4462646984826124,99.28102236316597
2016-01-01,242.017,Food at home,CUUR0000SAF11,-0.45491376792816673,99.54508623207184
2016-02-01,242.062,Food at home,CUUR0000SAF11,-0.3474595110865897,99.5635953817615
2016-03-01,240.329,Food at home,CUUR0000SAF11,-0.5211351557196542,98.8507874614907
2016-04-01,240.635,Food at home,CUUR0000SAF11,-0.27765690723359215,98.9766496793804
2016-05-01,239.354,Food at home,CUUR0000SAF11,-0.6908169065509284,98.44975588488133
2016-06-01,238.43,Food at home,CUUR0000SAF11,-1.268768582242208,98.0697013445869
2016-07-01,238.207,Food at home,CUUR0000SAF11,-1.5645080642828546,97.97797822501369
2016-08-01,238.088,Food at home,CUUR0000SAF11,-1.9188781689502665,97.92903180694546
2016-09-01,238.12,Food at home,CUUR0000SAF11,-2.1821288902034164,97.942193868947
2016-10-01,238.145,Food at home,CUUR0000SAF11,-2.311109652595178,97.9524767298857
2016-11-01,236.93,Food at home,CUUR0000SAF11,-2.1920409511228534,97.4527296882648
2016-12-01,236.464,Food at home,CUUR0000SAF11,-2.0345934748834837,97.2610571603674
2017-01-01,237.365,Food at home,CUUR0000SAF11,-1.9221790204820288,97.631651468598207
2017-02-01,237.918,Food at home,CUUR0000SAF11,-1.7119580933810385,97.85910835256229
2017-03-01,238.256,Food at home,CUUR0000SAF11,-0.8625675636315222,97.99813263245353
2017-04-01,238.817,Food at home,CUUR0000SAF11,-0.7555010700853959,98.22888003191801
2017-05-01,238.964,Food at home,CUUR0000SAF11,-0.16293857633463693,98.28934325423758
2017-06-01,238.3,Food at home,CUUR0000SAF11,-0.05452334018369864,98.01623046770565
2017-07-01,238.953,Food at home,CUUR0000SAF11,0.3131729965954122,98.28481879542454
2017-08-01,238.843,Food at home,CUUR0000SAF11,0.3171096401330509,98.23957420729425
2017-09-01,239.128,Food at home,CUUR0000SAF11,0.4233159751385829,98.35679882199545
2017-10-01,239.543,Food at home,CUUR0000SAF11,0.5870373092023762,98.5274943135779
2017-11-01,238.403,Food at home,CUUR0000SAF11,0.6217026125859837,98.0585958547731
2017-12-01,238.579,Food at home,CUUR0000SAF11,0.8944279044590386,98.13098719578157
2018-01-01,239.828,Food at home,CUUR0000SAF11,1.0376424493922842,98.6447189282791
2018-02-01,239.19,Food at home,CUUR0000SAF11,0.5346379845156735,98.38230031712344
2018-03-01,239.158,Food at home,CUUR0000SAF11,0.37858437982674076,98.3691382551219
2018-04-01,240.129,Food at home,CUUR0000SAF11,0.5493746257594578,98.76852457398107
2018-05-01,239.287,Food at home,CUUR0000SAF11,0.1351668033678699,98.4221978175656
2018-06-01,239.158,Food at home,CUUR0000SAF11,0.36005035669324226,98.3691382551219
2018-07-01,239.82,Food at home,CUUR0000SAF11,0.3628328583445306,98.64142841277872
2018-08-01,240.015,Food at home,CUUR0000SAF11,0.4906989110001092,98.7216347281006
2018-09-01,240.125,Food at home,CUUR0000SAF11,0.4169315178481847,98.76687931623088
2018-10-01,239.882,Food at home,CUUR0000SAF11,0.14151947667015996,98.6669299079067
2018-11-01,239.352,Food at home,CUUR0000SAF11,0.3980654605856504,98.44893325600623
2018-12-01,239.989,Food at home,CUUR0000SAF11,0.5909992078095616,98.71094055272435
2019-01-01,241.381,Food at home,CUUR0000SAF11,0.6475474089764344,99.28349024979126
2019-02-01,242.057,Food at home,CUUR0000SAF11,1.1986287052134337,99.56153880957375
2019-03-01,242.555,Food at home,CUUR0000SAF11,1.4203999029930081,99.7663733994727
2019-04-01,241.878,Food at home,CUUR0000SAF11,0.7283585073023291,99.48791352525265
2019-05-01,242.145,Food at home,CUUR0000SAF11,1.1943816421284836,99.59773448007799
2019-06-01,241.407,Food at home,CUUR0000SAF11,0.940382508634463,99.29418442516751
2019-07-01,241.359,Food at home,CUUR0000SAF11,0.6417312984738688,99.27444133216521
2019-08-01,241.153,Food at home,CUUR0000SAF11,0.47413703310210664,99.1897105580303
2019-09-01,241.543,Food at home,CUUR0000SAF11,0.590525767829253,99.35012318867405
2019-10-01,242.34,Food at home,CUUR0000SAF11,1.0246704629776282,99.67794079539986
2019-11-01,241.726,Food at home,CUUR0000SAF11,0.9918446472141351,99.42539373074534
2019-12-01,241.75,Food at home,CUUR0000SAF11,0.7337836317497848,99.4352652772465
2020-01-01,243.11,Food at home,CUUR0000SAF11,0.7162949859351064,99.99465291231188
2020-02-01,244.054,Food at home,CUUR0000SAF11,0.8250122904935653,100.38293374135726
2020-03-01,245.163,Food at home,CUUR0000SAF11,1.0752200531838119,100.83908145259808
2020-04-01,251.717,Food at home,CUUR0000SAF11,4.067753164818644,103.53483627628815
2020-05-01,253.827,Food at home,CUUR0000SAF11,4.824382085114287,104.40270973951458
2020-06-01,255.042,Food at home,CUUR0000SAF11,5.648137792193264,104.90245678113548
2020-07-01,252.563,Food at home,CUUR0000SAF11,4.642047738016797,103.88280829045381
2020-08-01,252.352,Food at home,CUUR0000SAF11,4.643939739501479,103.79602094413117
2020-09-01,251.369,Food at home,CUUR0000SAF11,4.068012734792559,103.39169885202142
2020-10-01,251.937,Food at home,CUUR0000SAF11,3.960138648180256,103.62532545254872
2020-11-01,250.407,Food at home,CUUR0000SAF11,3.5912562157153216,102.99601436310017
2020-12-01,251.253,Food at home,CUUR0000SAF11,3.930920372285418,103.34398637726584
2021-01-01,252.107,Food at home,CUUR0000SAF11,3.7007938793138795,103.6952489069319
2021-02-01,252.716,Food at home,CUUR0000SAF11,3.5492145180984647,103.94573939939868
2021-03-01,253.231,Food at home,CUUR0000SAF11,3.290871787341487,104.15756633473592
2021-04-01,254.76,Food at home,CUUR0000SAF11,1.2088972933889996,104.78646610974693
2021-05-01,255.516,Food at home,CUUR0000SAF11,0.6654138448628277,105.09741982453326
2021-06-01,257.412,Food at home,CUUR0000SAF11,0.9292587103300498,105.8772719981244
2021-07-01,259.022,Food at home,CUUR0000SAF11,2.55738172258011,106.53948824257681
2021-08-01,259.825,Food at home,CUUR0000SAF11,2.961339715952316,106.86977373592791
2021-09-01,262.695,Food at home,CUUR0000SAF11,4.505726640914354,108.05024617169087
2021-10-01,265.478,Food at home,CUUR0000SAF11,5.374756387509572,109.19493425138715
2021-11-01,266.384,Food at home,CUUR0000SAF11,6.380412688143711,109.56758513180573
2021-12-01,267.555,Food at home,CUUR0000SAF11,6.488280736946428,110.04923433817451
2022-01-01,270.711,Food at home,CUUR0000SAF11,7.379406363171204,111.34734270307624
2022-02-01,274.568,Food at home,CUUR0000SAF11,8.646860507447073,112.93378248869914
2022-03-01,278.612,Food at home,CUUR0000SAF11,10.022864499212192,114.59713807414354
2022-04-01,282.161,Food at home,CUUR0000SAF11,10.755613126079444,116.05689301300164
2022-05-01,285.953,Food at home,CUUR0000SAF11,11.911974201224185,117.61659736018393
2022-06-01,288.884,Food at home,CUUR0000SAF11,12.226314235544589,118.82215997663735
2022-07-01,292.972,Food at home,CUUR0000SAF11,13.106994772644786,120.50361339733385
2022-08-01,295.007,Food at home,CUUR0000SAF11,13.54065236216686,121.34063827774419
2022-09-01,296.771,Food at home,CUUR0000SAF11,12.9716972154019,122.066196945579
2022-10-01,298.401,Food at home,CUUR0000SAF11,12.40140425948666,122.73663947878237
2022-11-01,298.284,Food at home,CUUR0000SAF11,11.975193705327648,122.68851568958921
2022-12-01,299.089,Food at home,CUUR0000SAF11,11.78598792771579,123.01962381181544
2023-01-01,301.435,Food at home,CUUR0000SAF11,11.349372578136819,123.9845674823032
2023-02-01,302.483,Food at home,CUUR0000SAF11,10.166880335654561,124.41562501285358
2023-03-01,301.918,Food at home,CUUR0000SAF11,8.365038117525447,124.18323235563892
2023-04-01,302.328,Food at home,CUUR0000SAF11,7.147337867387749,124.35187127503362
2023-05-01,302.535,Food at home,CUUR0000SAF11,5.798855056600227,124.4370133636061
2023-06-01,302.335,Food at home,CUUR0000SAF11,4.656194181747675,124.35475047609646
2023-07-01,303.455,Food at home,CUUR0000SAF11,3.5781576396379133,124.81542264615031
2023-08-01,303.716,Food at home,CUUR0000SAF11,2.9521333392088955,124.92277571435037
2023-09-01,303.925,Food at home,CUUR0000SAF11,2.4106128968127027,125.0087404317979
2023-10-01,304.788,Food at home,CUUR0000SAF11,2.140408376647529,125.3637047914019
2023-11-01,303.224,Food at home,CUUR0000SAF11,1.6561397862439708,124.7204090110767
2023-12-01,303.005,Food at home,CUUR0000SAF11,1.3093092691473185,124.63033114925368
2024-01-01,305.037,Food at home,CUUR0000SAF11,1.1949508185844282,125.46612208635135
2024-02-01,305.469,Food at home,CUUR0000SAF11,0.9871629149406758,125.64380992337212
2024-03-01,305.426,Food at home,CUUR0000SAF11,1.161904888082188,125.62612340255755
2024-04-01,305.707,Food at home,CUUR0000SAF11,1.1176602894869214,125.74170275950857
2024-05-01,305.679,Food at home,CUUR0000SAF11,1.0392186028062689,125.73018595525721
2024-06-01,305.752,Food at home,CUUR0000SAF11,1.1302032513602622,125.76021190919823
2024-07-01,306.643,Food at home,CUUR0000SAF11,1.0505676294672917,126.12669307305354
2024-08-01,306.402,Food at home,CUUR0000SAF11,0.8843788275889164,126.02756629360447
2024-09-01,307.767,Food at home,CUUR0000SAF11,1.2641276630747766,126.5890105008576
2024-10-01,308.2,Food at home,CUUR0000SAF11,1.1194666456684654,126.76710965231591
2024-11-01,307.972,Food at home,CUUR0000SAF11,1.5658391156372797,126.67332996055494
2024-12-01,308.38,Food at home,CUUR0000SAF11,1.773898120493067,126.84114625107456
2015-01-01,253.037,Food away from home,CUUR0000SEFV,3.0780386262073245,100
2015-02-01,253.719,Food away from home,CUUR0000SEFV,3.059462928586809,100.26952580057461
2015-03-01,254.108,Food away from home,CUUR0000SEFV,2.928572007226249,100.42325825867363
2015-04-01,254.727,Food away from home,CUUR0000SEFV,2.905863436941991,100.66788651462039
2015-05-01,255.322,Food away from home,CUUR0000SEFV,2.9723494869974942,100.9030299916613
2015-06-01,255.846,Food away from home,CUUR0000SEFV,2.9789289379943185,101.11011433110572
2015-07-01,255.905,Food away from home,CUUR0000SEFV,2.6864893062076067,101.13343107924928
2015-08-01,256.449,Food away from home,CUUR0000SEFV,2.661318409453939,101.34841940111525
2015-09-01,257.83,Food away from home,CUUR0000SEFV,2.8973939418126538,101.8941893873228
2015-10-01,258.363,Food away from home,CUUR0000SEFV,2.8924731182795815,102.10483051885691
2015-11-01,258.805,Food away from home,CUUR0000SEFV,2.705695135066488,102.27950853037302
2015-12-01,259.097,Food away from home,CUUR0000SEFV,2.560682109663226,102.39490667372755
2016-01-01,259.958,Food away from home,CUUR0000SEFV,2.735173116974998,102.73517311697499
2016-02-01,260.319,Food away from home,CUUR0000SEFV,2.601303016329104,102.87783999968384
2016-03-01,260.883,Food away from home,CUUR0000SEFV,2.6661891794040216,103.10073230397136
2016-04-01,261.517,Food away from home,CUUR0000SEFV,2.6655988568153433,103.35128854673427
2016-05-01,262.074,Food away from home,CUUR0000SEFV,2.644503803040865,103.57141445717426
2016-06-01,262.529,Food away from home,CUUR0000SEFV,2.612118227371152,103.75123005726435
2016-07-01,263.051,Food away from home,CUUR0000SEFV,2.792442507961934,103.95752399846661
2016-08-01,263.649,Food away from home,CUUR0000SEFV,2.8075757753003527,104.19385307287077
2016-09-01,264.102,Food away from home,CUUR0000SEFV,2.432610634914467,104.3728782747187
2016-10-01,264.459,Food away from home,CUUR0000SEFV,2.3594709768813615,104.51396436094326
2016-11-01,264.699,Food away from home,CUUR0000SEFV,2.277390313170158,104.60881215000178
2016-12-01,265.104,Food away from home,CUUR0000SEFV,2.3184367244699855,104.76886779403802
2017-01-01,266.079,Food away from home,CUUR0000SEFV,2.354611129490136,105.15418693708826
2017-02-01,266.626,Food away from home,CUUR0000SEFV,2.4227966456539685,105.37036085631745
2017-03-01,267.055,Food away from home,CUUR0000SEFV,2.3658114940414032,105.53990127925955
2017-04-01,267.652,Food away from home,CUUR0000SEFV,2.3459277981928484,105.7758351545426
2017-05-01,268.128,Food away from home,CUUR0000SEFV,2.3100345703884972,105.96394993617534
2017-06-01,268.225,Food away from home,CUUR0000SEFV,2.1696650655737226,106.00228425091984
2017-07-01,268.649,Food away from home,CUUR0000SEFV,2.128104436021916,106.16984867825654
2017-08-01,269.522,Food away from home,CUUR0000SEFV,2.227582884820345,106.5148575109569
2017-09-01,270.353,Food away from home,CUUR0000SEFV,2.3668885506357595,106.84326798057201
2017-10-01,270.658,Food away from home,CUUR0000SEFV,2.3440306436914637,106.96380371250055
2017-11-01,271.152,Food away from home,CUUR0000SEFV,2.4378633844479802,107.15903207831265
2017-12-01,271.811,Food away from home,CUUR0000SEFV,2.529950509988521,107.41946829910249
2018-01-01,272.772,Food away from home,CUUR0000SEFV,2.515418353195842,107.79925465445766
2018-02-01,273.435,Food away from home,CUUR0000SEFV,2.5537644490784883,108.0612716717318
2018-03-01,273.733,Food away from home,CUUR0000SEFV,2.5006084888880453,108.17904100981279
2018-04-01,274.393,Food away from home,CUUR0000SEFV,2.518568887958983,108.43987242972369
2018-05-01,275.307,Food away from home,CUUR0000SEFV,2.6774525599713606,108.80108442638823
2018-06-01,275.808,Food away from home,CUUR0000SEFV,2.8271041103550942,108.99907918604788
2018-07-01,276.125,Food away from home,CUUR0000SEFV,2.782813261914252,109.12435730742935
2018-08-01,276.648,Food away from home,CUUR0000SEFV,2.6439400123181134,109.33104644775271
2018-09-01,277.258,Food away from home,CUUR0000SEFV,2.5540681997240577,109.57211791160977
2018-10-01,277.513,Food away from home,CUUR0000SEFV,2.5327165648161065,109.67289368748443
2018-11-01,278.306,Food away from home,CUUR0000SEFV,2.638372573316805,109.98628659049861
2018-12-01,279.419,Food away from home,CUUR0000SEFV,2.7990037194962625,110.42614321225749
2019-01-01,280.38,Food away from home,CUUR0000SEFV,2.789142580616777,110.80592956761264
2019-02-01,281.373,Food away from home,CUUR0000SEFV,2.903066542322663,111.19836229484225
2019-03-01,281.887,Food away from home,CUUR0000SEFV,2.97881512276561,111.40149464307592
2019-04-01,282.798,Food away from home,CUUR0000SEFV,3.063124788168814,111.7615210423772
2019-05-01,283.394,Food away from home,CUUR0000SEFV,2.937448012582311,111.99705971853919
2019-06-01,284.316,Food away from home,CUUR0000SEFV,3.084754611903917,112.36143330817231
2019-07-01,284.891,Food away from home,CUUR0000SEFV,3.1746491625169737,112.58867280279169
2019-08-01,285.507,Food away from home,CUUR0000SEFV,3.202264249154152,112.83211546137521
2019-09-01,286.246,Food away from home,CUUR0000SEFV,3.2417459550310612,113.12416761185122
2019-10-01,286.791,Food away from home,CUUR0000SEFV,3.34326680191559,113.33955113283827
2019-11-01,287.255,Food away from home,CUUR0000SEFV,3.215525356981175,113.52292352501807
2019-12-01,288.078,Food away from home,CUUR0000SEFV,3.09893028033168,113.84817240166456
2020-01-01,289.137,Food away from home,CUUR0000SEFV,3.1232612882516664,114.26668827088528
2020-02-01,289.781,Food away from home,CUUR0000SEFV,2.9882042697771283,114.52119650485898
2020-03-01,290.216,Food away from home,CUUR0000SEFV,2.9547300868787874,114.69310812252755
2020-04-01,290.639,Food away from home,CUUR0000SEFV,2.772650443072444,114.86027735074317
2020-05-01,291.709,Food away from home,CUUR0000SEFV,2.9340776445514027,115.28314041029573
2020-06-01,293.219,Food away from home,CUUR0000SEFV,3.1313749490004206,115.87989108312222
2020-07-01,294.599,Food away from home,CUUR0000SEFV,3.407619054304978,116.42526587020869
2020-08-01,295.437,Food away from home,CUUR0000SEFV,3.4780233059084287,116.75644273367136
2020-09-01,297.08,Food away from home,CUUR0000SEFV,3.7848563822725945,117.40575488960113
2020-10-01,297.893,Food away from home,CUUR0000SEFV,3.8711117155001196,117.72705177503683
2020-11-01,298.253,Food away from home,CUUR0000SEFV,3.8286539833945366,117.86932345862462
2020-12-01,299.369,Food away from home,CUUR0000SEFV,3.9194246002818955,118.31036567774673
2021-01-01,300.382,Food away from home,CUUR0000SEFV,3.8891598100554425,118.71070238739789
2021-02-01,300.54,Food away from home,CUUR0000SEFV,3.7128038070128877,118.7731438485281
2021-03-01,300.897,Food away from home,CUUR0000SEFV,3.68036221297241,118.91422993475263
2021-04-01,301.819,Food away from home,CUUR0000SEFV,3.8466964172048534,119.27860352438576
2021-05-01,303.481,Food away from home,CUUR0000SEFV,4.035528557569346,119.93542446361599
2021-06-01,305.634,Food away from home,CUUR0000SEFV,4.2340366756588255,120.78628817129511
2021-07-01,308.023,Food away from home,CUUR0000SEFV,4.556702500687382,121.73041887154844
2021-08-01,309.336,Food away from home,CUUR0000SEFV,4.704556301343432,122.24931531752274
2021-09-01,310.996,Food away from home,CUUR0000SEFV,4.684260131950979,122.9053458585108
2021-10-01,313.592,Food away from home,CUUR0000SEFV,5.270013058380019,123.93128277682709
2021-11-01,315.481,Food away from home,CUUR0000SEFV,5.776304010353628,124.67781391654184
2021-12-01,317.372,Food away from home,CUUR0000SEFV,6.013648707782027,125.42513545449874
2022-01-01,319.471,Food away from home,CUUR0000SEFV,6.354908083706756,126.25465840963969
2022-02-01,320.88,Food away from home,CUUR0000SEFV,6.767817927730069,126.81149397123741
2022-03-01,321.689,Food away from home,CUUR0000SEFV,6.910005749475734,127.13121006018883
2022-04-01,323.559,Food away from home,CUUR0000SEFV,7.2029925220082225,127.8702324166031
2022-05-01,325.952,Food away from home,CUUR0000SEFV,7.404417409986119,128.81594391334073
2022-06-01,329.033,Food away from home,CUUR0000SEFV,7.655889069933308,130.03355240537945
2022-07-01,331.342,Food away from home,CUUR0000SEFV,7.570538563678664,130.94606717594658
2022-08-01,334.212,Food away from home,CUUR0000SEFV,8.04174101947397,132.08028865343803
2022-09-01,337.369,Food away from home,CUUR0000SEFV,8.48017337843574,133.32793227867862
2022-10-01,340.532,Food away from home,CUUR0000SEFV,8.590780377050432,134.57794709864564
2022-11-01,342.266,Food away from home,CUUR0000SEFV,8.490210186984326,135.26322237459343
2022-12-01,343.559,Food away from home,CUUR0000SEFV,8.251200483974653,135.7742148381462
2023-01-01,345.677,Food away from home,CUUR0000SEFV,8.202935477711604,136.61124657658763
2023-02-01,347.869,Food away from home,CUUR0000SEFV,8.410932435801556,137.47752304998875
2023-03-01,349.944,Food away from home,CUUR0000SEFV,8.78332799691628,138.29756122622385
2023-04-01,351.237,Food away from home,CUUR0000SEFV,8.554235858066072,138.8085536897766
2023-05-01,352.892,Food away from home,CUUR0000SEFV,8.265020616532492,139.46260823515928
2023-06-01,354.245,Food away from home,CUUR0000SEFV,7.6624533101542935,139.99731264597668
2023-07-01,354.862,Food away from home,CUUR0000SEFV,7.09840587670747,140.2411505036813
2023-08-01,356.083,Food away from home,CUUR0000SEFV,6.544049884504455,140.7236886305165
2023-09-01,357.488,Food away from home,CUUR0000SEFV,5.9634999066304095,141.2789433956299
2023-10-01,358.824,Food away from home,CUUR0000SEFV,5.371595033653231,141.80692942138896
2023-11-01,360.383,Food away from home,CUUR0000SEFV,5.293251447704406,142.42304485114823
2023-12-01,361.564,Food away from home,CUUR0000SEFV,5.240730122046,142.88977501314037
2024-01-01,363.249,Food away from home,CUUR0000SEFV,5.083358163835028,143.55568553215537
2024-02-01,363.596,Food away from home,CUUR0000SEFV,4.520954727210524,143.69281962716914
2024-03-01,364.546,Food away from home,CUUR0000SEFV,4.172667626820292,144.06825879219244
2024-04-01,365.813,Food away from home,CUUR0000SEFV,4.149904480450517,144.5689760785972
2024-05-01,367.099,Food away from home,CUUR0000SEFV,4.025877605613037,145.07720214830243
2024-06-01,368.616,Food away from home,CUUR0000SEFV,4.056796849637956,145.67671921497646
2024-07-01,369.383,Food away from home,CUUR0000SEFV,4.09201323331323,145.97983694084263
2024-08-01,370.348,Food away from home,CUUR0000SEFV,4.006088468138036,146.3612040926821
2024-09-01,371.604,Food away from home,CUUR0000SEFV,3.9486640110996785,146.857574188755
2024-10-01,372.486,Food away from home,CUUR0000SEFV,3.8074376295899937,147.20613981354504
2024-11-01,373.53,Food away from home,CUUR0000SEFV,3.6480633104225113,147.6187276959496
2024-12-01,374.644,Food away from home,CUUR0000SEFV,3.61761679813255,148.05897951682957
2015-01-01,298.781,Fruits and vegetables,CUUR0000SAF113,2.2889813245690505,100
2015-02-01,295.686,Fruits and vegetables,CUUR0000SAF113,1.07540849114649,98.96412422476662
2015-03-01,289.858,Fruits and vegetables,CUUR0000SAF113,-1.0534436615872056,97.01353165027227
2015-04-01,290.178,Fruits and vegetables,CUUR0000SAF113,-1.4705832419382836,97.12063350748541
2015-05-01,293.011,Fruits and vegetables,CUUR0000SAF113,-1.880278341470587,98.06881963712553
2015-06-01,288.968,Fruits and vegetables,CUUR0000SAF113,-2.0908792128454756,96.71565460989822
2015-07-01,287.816,Fruits and vegetables,CUUR0000SAF113,-1.9483196211695586,96.3300879239309
2015-08-01,291.344,Fruits and vegetables,CUUR0000SAF113,0.06010255212609561,97.5108858997058
2015-09-01,295.394,Fruits and vegetables,CUUR0000SAF113,0.7201260220538686,98.86639378005964
2015-10-01,297.931,Fruits and vegetables,CUUR0000SAF113,0.1354494366916592,99.71551069177758
2015-11-01,298.037,Fruits and vegetables,CUUR0000SAF113,1.380715563749657,99.75098818197944
2015-12-01,299.078,Fruits and vegetables,CUUR0000SAF113,0.5544180291767065,100.09940391122593
2016-01-01,306.796,Fruits and vegetables,CUUR0000SAF113,2.6825668298854355,102.68256682988543
2016-02-01,306.778,Fruits and vegetables,CUUR0000SAF113,3.751276692166705,102.67654235041721
2016-03-01,298.162,Fruits and vegetables,CUUR0000SAF113,2.864851065004226,99.79282484495332
2016-04-01,296.217,Fruits and vegetables,CUUR0000SAF113,2.0811364059301507,99.14184636907969
2016-05-01,295.974,Fruits and vegetables,CUUR0000SAF113,1.0112248345625074,99.06051589625845
2016-06-01,292.733,Fruits and vegetables,CUUR0000SAF113,1.3029124332105901,97.9757748986716
2016-07-01,291.96,Fruits and vegetables,CUUR0000SAF113,1.4398087667120585,97.71705697484109
2016-08-01,292.156,Fruits and vegetables,CUUR0000SAF113,0.2787083310450855,97.78265686238416
2016-09-01,293.423,Fruits and vegetables,CUUR0000SAF113,-0.6672444260885424,98.20671327828744
2016-10-01,295.616,Fruits and vegetables,CUUR0000SAF113,-0.7770255528964709,98.94069569350125
2016-11-01,293.554,Fruits and vegetables,CUUR0000SAF113,-1.5041756560427055,98.25055810108407
2016-12-01,291.957,Fruits and vegetables,CUUR0000SAF113,-2.380984224851035,97.71605289492973
2017-01-01,291.679,Fruits and vegetables,CUUR0000SAF113,-4.92737845343486,97.6230081564758
2017-02-01,292.222,Fruits and vegetables,CUUR0000SAF113,-4.744799170735858,97.80474662043436
2017-03-01,292.932,Fruits and vegetables,CUUR0000SAF113,-1.7540799967802556,98.04237886612603
2017-04-01,298.164,Fruits and vegetables,CUUR0000SAF113,0.657288406809875,99.7934942315609
2017-05-01,298.47,Fruits and vegetables,CUUR0000SAF113,0.8433173184131171,99.89591038252098
2017-06-01,294.788,Fruits and vegetables,CUUR0000SAF113,0.7020048986619232,98.66356963796225
2017-07-01,294.935,Fruits and vegetables,CUUR0000SAF113,1.018975202082495,98.71276955361954
2017-08-01,295.009,Fruits and vegetables,CUUR0000SAF113,0.9765330850641574,98.73753685810009
2017-09-01,297.047,Fruits and vegetables,CUUR0000SAF113,1.235077004870111,99.4196418112263
2017-10-01,299.7,Fruits and vegetables,CUUR0000SAF113,1.381521974453337,100.30758314618399
2017-11-01,296.791,Fruits and vegetables,CUUR0000SAF113,1.1026932012508928,99.33396032545576
2017-12-01,296.476,Fruits and vegetables,CUUR0000SAF113,1.5478306736951053,99.22853193476158
2018-01-01,301.814,Fruits and vegetables,CUUR0000SAF113,3.4747102122538953,101.01512479039832
2018-02-01,298.503,Fruits and vegetables,CUUR0000SAF113,2.149393269500588,99.90695526154607
2018-03-01,293.87,Fruits and vegetables,CUUR0000SAF113,0.32021083391367,98.35632118508205
2018-04-01,296.863,Fruits and vegetables,CUUR0000SAF113,-0.4363370494090413,99.35805824332873
2018-05-01,297.211,Fruits and vegetables,CUUR0000SAF113,-0.4218179381512477,99.47453151304802
2018-06-01,295.523,Fruits and vegetables,CUUR0000SAF113,0.24933172313663654,98.9095692162487
2018-07-01,297.632,Fruits and vegetables,CUUR0000SAF113,0.9144387746452542,99.61543739394406
2018-08-01,297.644,Fruits and vegetables,CUUR0000SAF113,0.8931930890244022,99.61945371358955
2018-09-01,298.432,Fruits and vegetables,CUUR0000SAF113,0.46625618168167904,99.88319203697692
2018-10-01,298.531,Fruits and vegetables,CUUR0000SAF113,-0.39005672339005315,99.91632667405224
2018-11-01,296.362,Fruits and vegetables,CUUR0000SAF113,-0.14454616211406757,99.1903768981294
2018-12-01,301.134,Fruits and vegetables,CUUR0000SAF113,1.5711221144375953,100.7875333438204
2019-01-01,304.605,Fruits and vegetables,CUUR0000SAF113,0.9247417283492432,101.9492538012792
2019-02-01,304.621,Fruits and vegetables,CUUR0000SAF113,2.0495606409315803,101.95460889413985
2019-03-01,305.399,Fruits and vegetables,CUUR0000SAF113,3.9231633035015534,102.2150002844893
2019-04-01,303.503,Fruits and vegetables,CUUR0000SAF113,2.2367219896046286,101.58042178050144
2019-05-01,302.352,Fruits and vegetables,CUUR0000SAF113,1.7297475530851703,101.1951897878379
2019-06-01,298.611,Fruits and vegetables,CUUR0000SAF113,1.0449271291912865,99.94310213835551
2019-07-01,299.35,Fruits and vegetables,CUUR0000SAF113,0.5772228792602974,100.19044048985712
2019-08-01,298.6,Fruits and vegetables,CUUR0000SAF113,0.3211890715082433,99.93942051201383
2019-09-01,297.309,Fruits and vegetables,CUUR0000SAF113,-0.37630012867252427,99.50733145681954
2019-10-01,301.318,Fruits and vegetables,CUUR0000SAF113,0.9335713878960483,100.84911691171794
2019-11-01,297.472,Fruits and vegetables,CUUR0000SAF113,0.3745419453236032,99.56188646533748
2019-12-01,297.105,Fruits and vegetables,CUUR0000SAF113,-1.337942577058715,99.43905402284616
2020-01-01,301.679,Fruits and vegetables,CUUR0000SAF113,-0.96058830288408,100.96994119438652
2020-02-01,299.817,Fruits and vegetables,CUUR0000SAF113,-1.577041635343579,100.34674226272755
2020-03-01,299.641,Fruits and vegetables,CUUR0000SAF113,-1.8854023752533533,100.28783624126032
2020-04-01,304.809,Fruits and vegetables,CUUR0000SAF113,0.4303087613631629,102.01753123525258
2020-05-01,306.798,Fruits and vegetables,CUUR0000SAF113,1.4704715034132398,102.68323621649301
2020-06-01,305.393,Fruits and vegetables,CUUR0000SAF113,2.271182240439895,102.21299212466654
2020-07-01,306.123,Fruits and vegetables,CUUR0000SAF113,2.2625688992817583,102.45731823643403
2020-08-01,306.754,Fruits and vegetables,CUUR0000SAF113,2.7307434695244437,102.6685097111262
2020-09-01,306.249,Fruits and vegetables,CUUR0000SAF113,3.0069725437171346,102.49948959271173
2020-10-01,309.071,Fruits and vegetables,CUUR0000SAF113,2.573029158563389,103.44399409601013
2020-11-01,306.311,Fruits and vegetables,CUUR0000SAF113,2.97137209552496,102.52024057754676
2020-12-01,306.506,Fruits and vegetables,CUUR0000SAF113,3.164201208327011,102.58550577178602
2021-01-01,309.954,Fruits and vegetables,CUUR0000SAF113,2.7429817786455146,103.73952828325764
2021-02-01,309.993,Fruits and vegetables,CUUR0000SAF113,3.3940703829335783,103.75258132210548
2021-03-01,311.168,Fruits and vegetables,CUUR0000SAF113,3.8469368344118404,104.14584595406
2021-04-01,314.973,Fruits and vegetables,CUUR0000SAF113,3.334547208251726,105.41935397498503
2021-05-01,315.748,Fruits and vegetables,CUUR0000SAF113,2.91722892587305,105.6787412854231
2021-06-01,315.211,Fruits and vegetables,CUUR0000SAF113,3.2148739493046863,105.4990109812873
2021-07-01,312.875,Fruits and vegetables,CUUR0000SAF113,2.2056493631644747,104.71716742363135
2021-08-01,313.672,Fruits and vegetables,CUUR0000SAF113,2.2552273156992264,104.98391798675286
2021-09-01,315.428,Fruits and vegetables,CUUR0000SAF113,2.997234276683347,105.57163942820995
2021-10-01,318.316,Fruits and vegetables,CUUR0000SAF113,2.991222081657585,106.53823368955857
2021-11-01,318.436,Fruits and vegetables,CUUR0000SAF113,3.958395225767286,106.5783968860135
2021-12-01,321.931,Fruits and vegetables,CUUR0000SAF113,5.032527911362261,107.7481499827633
2022-01-01,327.451,Fruits and vegetables,CUUR0000SAF113,5.645031198177808,109.59565701969001
2022-02-01,333.675,Fruits and vegetables,CUUR0000SAF113,7.639527344165842,111.67878814248563
2022-03-01,337.503,Fruits and vegetables,CUUR0000SAF113,8.463273858494436,112.95999410939784
2022-04-01,339.385,Fruits and vegetables,CUUR0000SAF113,7.7505055988925875,113.58988690713265
2022-05-01,341.594,Fruits and vegetables,CUUR0000SAF113,8.185641714278468,114.32922441520712
2022-06-01,340.594,Fruits and vegetables,CUUR0000SAF113,8.052701206493417,113.99453111141605
2022-07-01,341.839,Fruits and vegetables,CUUR0000SAF113,9.257371154614468,114.41122427463594
2022-08-01,343.221,Fruits and vegetables,CUUR0000SAF113,9.420349919661298,114.8737704204752
2022-09-01,348.173,Fruits and vegetables,CUUR0000SAF113,10.381132936835025,116.53117166084859
2022-10-01,348.021,Fruits and vegetables,CUUR0000SAF113,9.33192173814701,116.48029827867234
2022-11-01,349.462,Fruits and vegetables,CUUR0000SAF113,9.74324511047746,116.96259132943526
2022-12-01,349.134,Fruits and vegetables,CUUR0000SAF113,8.449947348966091,116.8528119257918
2023-01-01,351.029,Fruits and vegetables,CUUR0000SAF113,7.200466634702596,117.48705573647588
2023-02-01,351.249,Fruits and vegetables,CUUR0000SAF113,5.266801528433351,117.56068826330991
2023-03-01,345.814,Fruits and vegetables,CUUR0000SAF113,2.462496629659605,115.74163015720545
2023-04-01,346.269,Fruits and vegetables,CUUR0000SAF113,2.028374854516257,115.89391561043038
2023-05-01,350.986,Fruits and vegetables,CUUR0000SAF113,2.7494628125786846,117.47266392441286
2023-06-01,350.724,Fruits and vegetables,CUUR0000SAF113,2.9742156350376137,117.38497427881961
2023-07-01,351.646,Fruits and vegetables,CUUR0000SAF113,2.868894421057866,117.69356150491497
2023-08-01,350.428,Fruits and vegetables,CUUR0000SAF113,2.0998132398658553,117.28590506089745
2023-09-01,351.02,Fruits and vegetables,CUUR0000SAF113,0.8176969495049757,117.48404349674176
2023-10-01,351.952,Fruits and vegetables,CUUR0000SAF113,1.1295295398840777,117.79597765587502
2023-11-01,350.736,Fruits and vegetables,CUUR0000SAF113,0.36456038138623637,117.38899059846509
2023-12-01,350.25,Fruits and vegetables,CUUR0000SAF113,0.3196480434446425,117.22632965282263
2024-01-01,354.798,Fruits and vegetables,CUUR0000SAF113,1.0737004634944647,118.74851479846444
2024-02-01,353.965,Fruits and vegetables,CUUR0000SAF113,0.7732406355605237,118.46971527640646
2024-03-01,352.841,Fruits and vegetables,CUUR0000SAF113,2.032017211564585,118.0935200029453
2024-04-01,352.274,Fruits and vegetables,CUUR0000SAF113,1.7342008669560371,117.90374889969577
2024-05-01,353.084,Fruits and vegetables,CUUR0000SAF113,0.597744639387332,118.17485047576653
2024-06-01,348.901,Fruits and vegetables,CUUR0000SAF113,-0.5197819367935952,116.77482838600848
2024-07-01,350.962,Fruits and vegetables,CUUR0000SAF113,-0.19451380081104697,117.46463128512187
2024-08-01,349.599,Fruits and vegetables,CUUR0000SAF113,-0.2365678541669025,117.00844431205465
2024-09-01,353.508,Fruits and vegetables,CUUR0000SAF113,0.7087915218506158,118.31676043657393
2024-10-01,355.292,Fruits and vegetables,CUUR0000SAF113,0.9489930445060635,118.9138532905372
2024-11-01,354.696,Fruits and vegetables,CUUR0000SAF113,1.1290543314629975,118.71437608147775
2024-12-01,353.63,Fruits and vegetables,CUUR0000SAF113,0.9650249821556045,118.35759301963645
2015-01-01,260.982,"Meats, poultry, fish and eggs",CUUR0000SAF112,8.670958285795205,100
2015-02-01,260.863,"Meats, poultry, fish and eggs",CUUR0000SAF112,7.622965022732342,99.95440298564651
2015-03-01,260.077,"Meats, poultry, fish and eggs",CUUR0000SAF112,6.023619960782889,99.65323279000083
2015-04-01,258.991,"Meats, poultry, fish and eggs",CUUR0000SAF112,3.8914517228930245,99.23711213800183
2015-05-01,257.106,"Meats, poultry, fish and eggs",CUUR0000SAF112,2.0970912339918657,98.51484010391519
2015-06-01,261.189,"Meats, poultry, fish and eggs",CUUR0000SAF112,3.291875111225373,100.07931581488378
2015-07-01,261.639,"Meats, poultry, fish and eggs",CUUR0000SAF112,3.1020581872347464,100.25174149941375
2015-08-01,263.601,"Meats, poultry, fish and eggs",CUUR0000SAF112,2.006454708686767,101.0035174839644
2015-09-01,263.227,"Meats, poultry, fish and eggs",CUUR0000SAF112,0.9286631774697351,100.8602125817106
2015-10-01,261.568,"Meats, poultry, fish and eggs",CUUR0000SAF112,0.6650246305418772,100.22453655807679
2015-11-01,259.141,"Meats, poultry, fish and eggs",CUUR0000SAF112,-0.5052657444414854,99.2945873661785
2015-12-01,255.298,"Meats, poultry, fish and eggs",CUUR0000SAF112,-2.2052824117523184,97.82207202029258
2016-01-01,251.783,"Meats, poultry, fish and eggs",CUUR0000SAF112,-3.524764159980398,96.47523584001961
2016-02-01,251.29,"Meats, poultry, fish and eggs",CUUR0000SAF112,-3.6697423551826036,96.28633392341233
2016-03-01,250.837,"Meats, poultry, fish and eggs",CUUR0000SAF112,-3.5527939802443176,96.11275873431882
2016-04-01,250.839,"Meats, poultry, fish and eggs",CUUR0000SAF112,-3.1475997235425157,96.11352507069452
2016-05-01,248.989,"Meats, poultry, fish and eggs",CUUR0000SAF112,-3.157063623563816,95.40466392318244
2016-06-01,248.016,"Meats, poultry, fish and eggs",CUUR0000SAF112,-5.043474265761583,95.03184127640985
2016-07-01,246.875,"Meats, poultry, fish and eggs",CUUR0000SAF112,-5.642889630368564,94.59464637407943
2016-08-01,246.547,"Meats, poultry, fish and eggs",CUUR0000SAF112,-6.4696264429952794,94.46896720846648
2016-09-01,246.642,"Meats, poultry, fish and eggs",CUUR0000SAF112,-6.300645450504694,94.5053681863117
2016-10-01,244.77,"Meats, poultry, fish and eggs",CUUR0000SAF112,-6.422039393197931,93.78807733866702
2016-11-01,243.633,"Meats, poultry, fish and eggs",CUUR0000SAF112,-5.98438687818601,93.35241510908797
2016-12-01,241.612,"Meats, poultry, fish and eggs",CUUR0000SAF112,-5.360794052440676,92.5780322014545
2017-01-01,242.596,"Meats, poultry, fish and eggs",CUUR0000SAF112,-3.648776922985264,92.95506969829336
2017-02-01,243.057,"Meats, poultry, fish and eggs",CUUR0000SAF112,-3.2762943213020868,93.1317102328896
2017-03-01,244.306,"Meats, poultry, fish and eggs",CUUR0000SAF112,-2.6036828697520664,93.61028729950725
2017-04-01,243.33,"Meats, poultry, fish and eggs",CUUR0000SAF112,-2.9935536340042757,93.23631514817113
2017-05-01,243.815,"Meats, poultry, fish and eggs",CUUR0000SAF112,-2.0780034459353613,93.42215171927565
2017-06-01,245.756,"Meats, poultry, fish and eggs",CUUR0000SAF112,-0.9112315334494525,94.16588117188157
2017-07-01,247.761,"Meats, poultry, fish and eggs",CUUR0000SAF112,0.3588860759493606,94.93413338850954
2017-08-01,247.985,"Meats, poultry, fish and eggs",CUUR0000SAF112,0.5832559309178365,95.01996306258668
2017-09-01,247.613,"Meats, poultry, fish and eggs",CUUR0000SAF112,0.3936880174503887,94.87742449670857
2017-10-01,248.413,"Meats, poultry, fish and eggs",CUUR0000SAF112,1.4883359888875347,95.18395904698409
2017-11-01,247.027,"Meats, poultry, fish and eggs",CUUR0000SAF112,1.3930789342987193,94.65288793863176
2017-12-01,248.42,"Meats, poultry, fish and eggs",CUUR0000SAF112,2.817740840686711,95.18664122429898
2018-01-01,247.284,"Meats, poultry, fish and eggs",CUUR0000SAF112,1.932430872726676,94.75136216290777
2018-02-01,247.095,"Meats, poultry, fish and eggs",CUUR0000SAF112,1.6613386983300282,94.6789433754052
2018-03-01,249.516,"Meats, poultry, fish and eggs",CUUR0000SAF112,2.1325714472833157,95.60659355817641
2018-04-01,251.922,"Meats, poultry, fish and eggs",CUUR0000SAF112,3.531007274072251,96.52849621812997
2018-05-01,249.449,"Meats, poultry, fish and eggs",CUUR0000SAF112,2.3107684104751502,95.58092128959085
2018-06-01,248.609,"Meats, poultry, fish and eggs",CUUR0000SAF112,1.1609075668549407,95.25906001180158
2018-07-01,250.042,"Meats, poultry, fish and eggs",CUUR0000SAF112,0.9206452993005376,95.80814002498256
2018-08-01,250.743,"Meats, poultry, fish and eggs",CUUR0000SAF112,1.1121640421799528,96.07674092466146
2018-09-01,248.876,"Meats, poultry, fish and eggs",CUUR0000SAF112,0.5100701497902094,95.36136591795602
2018-10-01,247.966,"Meats, poultry, fish and eggs",CUUR0000SAF112,-0.17994227355251358,95.01268286701765
2018-11-01,247.954,"Meats, poultry, fish and eggs",CUUR0000SAF112,0.3752626231140921,95.00808484876352
2018-12-01,247.327,"Meats, poultry, fish and eggs",CUUR0000SAF112,-0.4399806778842219,94.76783839498509
2019-01-01,248.169,"Meats, poultry, fish and eggs",CUUR0000SAF112,0.3578880962779696,95.09046600915005
2019-02-01,248.597,"Meats, poultry, fish and eggs",CUUR0000SAF112,0.6078633723871407,95.25446199354744
2019-03-01,249.062,"Meats, poultry, fish and eggs",CUUR0000SAF112,-0.18195225957452488,95.43263520089508
2019-04-01,249.203,"Meats, poultry, fish and eggs",CUUR0000SAF112,-1.0793023237351207,95.48666191538112
2019-05-01,250.356,"Meats, poultry, fish and eggs",CUUR0000SAF112,0.3636013774358515,95.92845483596568
2019-06-01,249.231,"Meats, poultry, fish and eggs",CUUR0000SAF112,0.25019206867007426,95.49739062464076
2019-07-01,250.033,"Meats, poultry, fish and eggs",CUUR0000SAF112,-0.003599395301590036,95.80469151129195
2019-08-01,249.277,"Meats, poultry, fish and eggs",CUUR0000SAF112,-0.5846623833965503,95.5150163612816
2019-09-01,249.74,"Meats, poultry, fish and eggs",CUUR0000SAF112,0.3471608351146793,95.69242323225356
2019-10-01,250.592,"Meats, poultry, fish and eggs",CUUR0000SAF112,1.0590161554406619,96.01888252829697
2019-11-01,250.491,"Meats, poultry, fish and eggs",CUUR0000SAF112,1.0231736531776114,95.98018254132468
2019-12-01,252.893,"Meats, poultry, fish and eggs",CUUR0000SAF112,2.2504619390523395,96.90055252852686
2020-01-01,252.905,"Meats, poultry, fish and eggs",CUUR0000SAF112,1.9083769528023264,96.90515054678099
2020-02-01,253.396,"Meats, poultry, fish and eggs",CUUR0000SAF112,1.9304335933257422,97.09328612701258
2020-03-01,254.724,"Meats, poultry, fish and eggs",CUUR0000SAF112,2.273329532405577,97.6021334804699
2020-04-01,266.263,"Meats, poultry, fish and eggs",CUUR0000SAF112,6.845824488469221,102.02351120000611
2020-05-01,275.405,"Meats, poultry, fish and eggs",CUUR0000SAF112,10.005352378213406,105.52643477327936
2020-06-01,281.139,"Meats, poultry, fish and eggs",CUUR0000SAF112,12.802580738351166,107.72352116237901
2020-07-01,271.028,"Meats, poultry, fish and eggs",CUUR0000SAF112,8.396891610307456,103.84930761508457
2020-08-01,266.969,"Meats, poultry, fish and eggs",CUUR0000SAF112,7.097325465245485,102.29402794062423
2020-09-01,265.386,"Meats, poultry, fish and eggs",CUUR0000SAF112,6.264915512132618,101.6874726992666
2020-10-01,265.796,"Meats, poultry, fish and eggs",CUUR0000SAF112,6.067232792746768,101.8445716562828
2020-11-01,265.307,"Meats, poultry, fish and eggs",CUUR0000SAF112,5.914783365470222,101.6572024124269
2020-12-01,264.475,"Meats, poultry, fish and eggs",CUUR0000SAF112,4.5798025251786445,101.33840648014039
2021-01-01,265.922,"Meats, poultry, fish and eggs",CUUR0000SAF112,5.146991953500346,101.89285084795121
2021-02-01,266.606,"Meats, poultry, fish and eggs",CUUR0000SAF112,5.213184107089308,102.15493788843673
2021-03-01,268.457,"Meats, poultry, fish and eggs",CUUR0000SAF112,5.3913255131043725,102.86418220413668
2021-04-01,271.459,"Meats, poultry, fish and eggs",CUUR0000SAF112,1.9514540135129543,104.01445310404549
2021-05-01,275.776,"Meats, poultry, fish and eggs",CUUR0000SAF112,0.1347106987890756,105.66859017096964
2021-06-01,282.993,"Meats, poultry, fish and eggs",CUUR0000SAF112,0.6594602669853566,108.43391498264246
2021-07-01,286.994,"Meats, poultry, fish and eggs",CUUR0000SAF112,5.890904260814378,109.9669709022078
2021-08-01,288.367,"Meats, poultry, fish and eggs",CUUR0000SAF112,8.015162809165123,110.49306082411813
2021-09-01,293.217,"Meats, poultry, fish and eggs",CUUR0000SAF112,10.486988763536864,112.35142653516333
2021-10-01,297.377,"Meats, poultry, fish and eggs",CUUR0000SAF112,11.881668648136179,113.94540619659593
2021-11-01,299.228,"Meats, poultry, fish and eggs",CUUR0000SAF112,12.78556540159137,114.65465051229586
2021-12-01,297.604,"Meats, poultry, fish and eggs",CUUR0000SAF112,12.526325739672917,114.03238537523659
2022-01-01,298.441,"Meats, poultry, fish and eggs",CUUR0000SAF112,12.228773850978847,114.35309714846233
2022-02-01,301.24,"Meats, poultry, fish and eggs",CUUR0000SAF112,12.990705385475199,115.42558490623873
2022-03-01,305.116,"Meats, poultry, fish and eggs",CUUR0000SAF112,13.655445751088635,116.91074480232352
2022-04-01,310.399,"Meats, poultry, fish and eggs",CUUR0000SAF112,14.34470767224516,118.93502233870534
2022-05-01,314.929,"Meats, poultry, fish and eggs",CUUR0000SAF112,14.197392086330929,120.67077422964034
2022-06-01,316.11,"Meats, poultry, fish and eggs",CUUR0000SAF112,11.702409600237473,121.12329585948454
2022-07-01,318.141,"Meats, poultry, fish and eggs",CUUR0000SAF112,10.852840129061935,121.90151044899648
2022-08-01,318.867,"Meats, poultry, fish and eggs",CUUR0000SAF112,10.576799703156038,122.17969055337149
2022-09-01,319.486,"Meats, poultry, fish and eggs",CUUR0000SAF112,8.958893924977062,122.41687166164715
2022-10-01,321.271,"Meats, poultry, fish and eggs",CUUR0000SAF112,8.034918638630417,123.10082687694937
2022-11-01,319.444,"Meats, poultry, fish and eggs",CUUR0000SAF112,6.75605224110043,122.4007785977577
2022-12-01,320.455,"Meats, poultry, fish and eggs",CUUR0000SAF112,7.678324216072374,122.78816163566835
2023-01-01,322.737,"Meats, poultry, fish and eggs",CUUR0000SAF112,8.140972587546624,123.66255144032921
2023-02-01,321.803,"Meats, poultry, fish and eggs",CUUR0000SAF112,6.826118709334739,123.30467235288256
2023-03-01,318.306,"Meats, poultry, fish and eggs",CUUR0000SAF112,4.322946027084784,121.96473319999079
2023-04-01,318.996,"Meats, poultry, fish and eggs",CUUR0000SAF112,2.769660984732547,122.2291192496034
2023-05-01,315.968,"Meats, poultry, fish and eggs",CUUR0000SAF112,0.3299156317773333,121.06888597681066
2023-06-01,315.561,"Meats, poultry, fish and eggs",CUUR0000SAF112,-0.17367372117301771,120.91293652435799
2023-07-01,317.445,"Meats, poultry, fish and eggs",CUUR0000SAF112,-0.2187709223269052,121.6348253902568
2023-08-01,318.944,"Meats, poultry, fish and eggs",CUUR0000SAF112,0.024147999008983234,122.2091945038355
2023-09-01,320.14,"Meats, poultry, fish and eggs",CUUR0000SAF112,0.2047038054875605,122.66746365649738
2023-10-01,322.536,"Meats, poultry, fish and eggs",CUUR0000SAF112,0.3937485798593654,123.58553463457248
2023-11-01,319.86,"Meats, poultry, fish and eggs",CUUR0000SAF112,0.13022626814089833,122.56017656390094
2023-12-01,320.143,"Meats, poultry, fish and eggs",CUUR0000SAF112,-0.09736156402615492,122.66861316106089
2024-01-01,319.752,"Meats, poultry, fish and eggs",CUUR0000SAF112,-0.9249017001459414,122.51879439961375
2024-02-01,320.096,"Meats, poultry, fish and eggs",CUUR0000SAF112,-0.5304487528083879,122.65060425623221
2024-03-01,322.589,"Meats, poultry, fish and eggs",CUUR0000SAF112,1.345560561220971,123.60584254852824
2024-04-01,322.323,"Meats, poultry, fish and eggs",CUUR0000SAF112,1.0429597863296003,123.50391981056163
2024-05-01,323.414,"Meats, poultry, fish and eggs",CUUR0000SAF112,2.35656775369657,123.92195630349984
2024-06-01,323.848,"Meats, poultry, fish and eggs",CUUR0000SAF112,2.626116662071687,124.08825129702431
2024-07-01,327.013,"Meats, poultry, fish and eggs",CUUR0000SAF112,3.01406542865692,125.30097861155174
2024-08-01,329.108,"Meats, poultry, fish and eggs",CUUR0000SAF112,3.1867663288853265,126.10371596508571
2024-09-01,332.525,"Meats, poultry, fish and eggs",CUUR0000SAF112,3.868619978759291,127.41300166294992
2024-10-01,328.743,"Meats, poultry, fish and eggs",CUUR0000SAF112,1.9244363419897326,125.96385957652252
2024-11-01,331.976,"Meats, poultry, fish and eggs",CUUR0000SAF112,3.7879072094041177,127.20264232782336
2024-12-01,333.659,"Meats, poultry, fish and eggs",CUUR0000SAF112,4.2218633548133155,127.84751438796545
2015-01-01,168.603,Nonalcoholic beverages,CUUR0000SAF114,0.9363082872862138,99.99999999999999
2015-02-01,168.901,Nonalcoholic beverages,CUUR0000SAF114,1.7598505844077739,100.17674655848354
2015-03-01,167.706,Nonalcoholic beverages,CUUR0000SAF114,1.2087892192657934,99.4679809967794
2015-04-01,168.401,Nonalcoholic beverages,CUUR0000SAF114,1.8223923282966625,99.88019193015546
2015-05-01,166.795,Nonalcoholic beverages,CUUR0000SAF114,1.3089164237123363,98.92765846396564
2015-06-01,166.824,Nonalcoholic beverages,CUUR0000SAF114,1.2896174863388232,98.94485863240868
2015-07-01,167.421,Nonalcoholic beverages,CUUR0000SAF114,1.3376833261707688,99.2989448586324
2015-08-01,168.017,Nonalcoholic beverages,CUUR0000SAF114,1.4515768689655983,99.65243797559948
2015-09-01,168.054,Nonalcoholic beverages,CUUR0000SAF114,1.1885838150288874,99.67438301809577
2015-10-01,169.045,Nonalcoholic beverages,CUUR0000SAF114,1.0128473259635395,100.26215429144202
2015-11-01,167.498,Nonalcoholic beverages,CUUR0000SAF114,-0.0077606843729705055,99.34461427139492
2015-12-01,167.482,Nonalcoholic beverages,CUUR0000SAF114,0.30183617003436414,99.33512452328843
2016-01-01,168.718,Nonalcoholic beverages,CUUR0000SAF114,0.06820756451544341,100.06820756451545
2016-02-01,169.248,Nonalcoholic beverages,CUUR0000SAF114,0.20544579368977356,100.38255547054322
2016-03-01,168.187,Nonalcoholic beverages,CUUR0000SAF114,0.28681144383624346,99.75326654923103
2016-04-01,168.771,Nonalcoholic beverages,CUUR0000SAF114,0.21971365965758327,100.09964235511822
2016-05-01,167.053,Nonalcoholic beverages,CUUR0000SAF114,0.15468089571031296,99.08068065218293
2016-06-01,165.94,Nonalcoholic beverages,CUUR0000SAF114,-0.5298997746127743,98.42055004952462
2016-07-01,166.648,Nonalcoholic beverages,CUUR0000SAF114,-0.46171029918588014,98.84047140323717
2016-08-01,167.044,Nonalcoholic beverages,CUUR0000SAF114,-0.5791080664456438,99.07534266887303
2016-09-01,166.573,Nonalcoholic beverages,CUUR0000SAF114,-0.8812643555047739,98.79598820898796
2016-10-01,166.793,Nonalcoholic beverages,CUUR0000SAF114,-1.3321896536425126,98.92647224545233
2016-11-01,166.258,Nonalcoholic beverages,CUUR0000SAF114,-0.7403073469533838,98.60915879314128
2016-12-01,165.965,Nonalcoholic beverages,CUUR0000SAF114,-0.9057689781588496,98.43537778094102
2017-01-01,167.074,Nonalcoholic beverages,CUUR0000SAF114,-0.9744069986604709,99.09313594657272
2017-02-01,169.451,Nonalcoholic beverages,CUUR0000SAF114,0.11994233314427394,100.50295664964442
2017-03-01,168.455,Nonalcoholic beverages,CUUR0000SAF114,0.15934644175827906,99.91221983001488
2017-04-01,168.354,Nonalcoholic beverages,CUUR0000SAF114,-0.24708036333255246,99.85231579509262
2017-05-01,168.555,Nonalcoholic beverages,CUUR0000SAF114,0.899115849460963,99.9715307556805
2017-06-01,167.242,Nonalcoholic beverages,CUUR0000SAF114,0.7846209473303611,99.19277830169095
2017-07-01,167.085,Nonalcoholic beverages,CUUR0000SAF114,0.262229369689404,99.09966014839593
2017-08-01,166.822,Nonalcoholic beverages,CUUR0000SAF114,-0.13289911640047558,98.94367241389536
2017-09-01,167.429,Nonalcoholic beverages,CUUR0000SAF114,0.5138888055086888,99.30368973268565
2017-10-01,167.99,Nonalcoholic beverages,CUUR0000SAF114,0.7176560167393209,99.63642402566977
2017-11-01,166.271,Nonalcoholic beverages,CUUR0000SAF114,0.007819172611234215,98.6168692134778
2017-12-01,166.006,Nonalcoholic beverages,CUUR0000SAF114,0.024704003856235168,98.45969526046392
2018-01-01,167.671,Nonalcoholic beverages,CUUR0000SAF114,0.35732669356092206,99.44722217279644
2018-02-01,167.736,Nonalcoholic beverages,CUUR0000SAF114,-1.0120919911950965,99.48577427447908
2018-03-01,167.758,Nonalcoholic beverages,CUUR0000SAF114,-0.413760351429171,99.49882267812553
2018-04-01,167.041,Nonalcoholic beverages,CUUR0000SAF114,-0.7799042493792929,99.07356334110305
2018-05-01,166.401,Nonalcoholic beverages,CUUR0000SAF114,-1.2779211533327395,98.69397341684312
2018-06-01,166.431,Nonalcoholic beverages,CUUR0000SAF114,-0.48492603532603873,98.7117666945428
2018-07-01,166.577,Nonalcoholic beverages,CUUR0000SAF114,-0.3040368674626759,98.7983606460146
2018-08-01,167.231,Nonalcoholic beverages,CUUR0000SAF114,0.24517150016183376,99.18625409986772
2018-09-01,168.428,Nonalcoholic beverages,CUUR0000SAF114,0.5966708276343935,99.89620588008516
2018-10-01,169.57,Nonalcoholic beverages,CUUR0000SAF114,0.940532174534181,100.57353665118652
2018-11-01,167.891,Nonalcoholic beverages,CUUR0000SAF114,0.9743130191073535,99.5777062092608
2018-12-01,168.339,Nonalcoholic beverages,CUUR0000SAF114,1.4053708902087791,99.84341915624277
2019-01-01,171.354,Nonalcoholic beverages,CUUR0000SAF114,2.1965635082989987,101.63164356506113
2019-02-01,172.488,Nonalcoholic beverages,CUUR0000SAF114,2.833023322363726,102.3042294621092
2019-03-01,172.06,Nonalcoholic beverages,CUUR0000SAF114,2.5644082547479075,102.05037870026037
2019-04-01,170.727,Nonalcoholic beverages,CUUR0000SAF114,2.206643877850345,101.2597640611377
2019-05-01,171.26,Nonalcoholic beverages,CUUR0000SAF114,2.920054566979746,101.57589129493543
2019-06-01,170.23,Nonalcoholic beverages,CUUR0000SAF114,2.282627635476553,100.96498876057959
2019-07-01,169.685,Nonalcoholic beverages,CUUR0000SAF114,1.8658038024457202,100.64174421570198
2019-08-01,170.067,Nonalcoholic beverages,CUUR0000SAF114,1.695857825403202,100.86831195174463
2019-09-01,170.63,Nonalcoholic beverages,CUUR0000SAF114,1.3073835704277226,101.20223246324205
2019-10-01,170.842,Nonalcoholic beverages,CUUR0000SAF114,0.7501326885652082,101.32797162565316
2019-11-01,170.675,Nonalcoholic beverages,CUUR0000SAF114,1.6582187252443648,101.22892237979157
2019-12-01,170.006,Nonalcoholic beverages,CUUR0000SAF114,0.9902636940934739,100.8321322870886
2020-01-01,172.313,Nonalcoholic beverages,CUUR0000SAF114,0.5596601188183392,102.20043534219438
2020-02-01,173.194,Nonalcoholic beverages,CUUR0000SAF114,0.40930383562913786,102.72296459730845
2020-03-01,174.454,Nonalcoholic beverages,CUUR0000SAF114,1.3913751017087028,103.47028226069524
2020-04-01,179.235,Nonalcoholic beverages,CUUR0000SAF114,4.98339454216381,106.30593761676838
2020-05-01,178.234,Nonalcoholic beverages,CUUR0000SAF114,4.072170968118671,105.71223525085556
2020-06-01,179.19,Nonalcoholic beverages,CUUR0000SAF114,5.263467073958772,106.27924770021885
2020-07-01,178.167,Nonalcoholic beverages,CUUR0000SAF114,4.998674013613469,105.67249693065959
2020-08-01,178.684,Nonalcoholic beverages,CUUR0000SAF114,5.06682660363269,105.97913441635085
2020-09-01,177.848,Nonalcoholic beverages,CUUR0000SAF114,4.2302057082576505,105.4832950777863
2020-10-01,178.4,Nonalcoholic beverages,CUUR0000SAF114,4.423970686365175,105.81069138746048
2020-11-01,175.869,Nonalcoholic beverages,CUUR0000SAF114,3.043210780723582,104.30953185886372
2020-12-01,177.539,Nonalcoholic beverages,CUUR0000SAF114,4.431020081644177,105.30002431747951
2021-01-01,179.789,Nonalcoholic beverages,CUUR0000SAF114,4.338616355121205,106.63452014495589
2021-02-01,180.202,Nonalcoholic beverages,CUUR0000SAF114,4.046329549522509,106.8794742679549
2021-03-01,180.018,Nonalcoholic beverages,CUUR0000SAF114,3.189379435266604,106.77034216473015
2021-04-01,179.57,Nonalcoholic beverages,CUUR0000SAF114,0.18690545931319136,106.5046292177482
2021-05-01,177.814,Nonalcoholic beverages,CUUR0000SAF114,-0.23564527531223511,105.46312936305995
2021-06-01,179.527,Nonalcoholic beverages,CUUR0000SAF114,0.18806853060995277,106.47912551971196
2021-07-01,180.136,Nonalcoholic beverages,CUUR0000SAF114,1.1051429277026514,106.84032905701558
2021-08-01,182.277,Nonalcoholic beverages,CUUR0000SAF114,2.010812383873195,108.11017597551643
2021-09-01,184.49,Nonalcoholic beverages,CUUR0000SAF114,3.7346498133237427,109.42272676049654
2021-10-01,186.387,Nonalcoholic beverages,CUUR0000SAF114,4.477017937219729,110.5478550203733
2021-11-01,185.119,Nonalcoholic beverages,CUUR0000SAF114,5.2595966315837295,109.79579248293328
2021-12-01,186.723,Nonalcoholic beverages,CUUR0000SAF114,5.172947915669246,110.74713973060979
2022-01-01,188.719,Nonalcoholic beverages,CUUR0000SAF114,4.966933460890277,111.93098580689546
2022-02-01,192.21,Nonalcoholic beverages,CUUR0000SAF114,6.663633034039584,114.00153022188216
2022-03-01,194.342,Nonalcoholic beverages,CUUR0000SAF114,7.95698207956983,115.26603915707312
2022-04-01,197.138,Nonalcoholic beverages,CUUR0000SAF114,9.783371387202777,116.92437263868376
2022-05-01,199.166,Nonalcoholic beverages,CUUR0000SAF114,12.008053359128091,118.12719821118247
2022-06-01,200.876,Nonalcoholic beverages,CUUR0000SAF114,11.891804575356367,119.14141504006454
2022-07-01,204.944,Nonalcoholic beverages,CUUR0000SAF114,13.771816849491492,121.5541834961418
2022-08-01,206.693,Nonalcoholic beverages,CUUR0000SAF114,13.394997723245394,122.59153158603347
2022-09-01,208.332,Nonalcoholic beverages,CUUR0000SAF114,12.92319366903354,123.56363765769292
2022-10-01,210.121,Nonalcoholic beverages,CUUR0000SAF114,12.733720699405016,124.62471011785081
2022-11-01,209.507,Nonalcoholic beverages,CUUR0000SAF114,13.174228469254912,124.26054103426392
2022-12-01,210.324,Nonalcoholic beverages,CUUR0000SAF114,12.63957841294323,124.74511129695202
2023-01-01,213.359,Nonalcoholic beverages,CUUR0000SAF114,13.056449006194404,126.54519789090348
2023-02-01,215.925,Nonalcoholic beverages,CUUR0000SAF114,12.338067738411107,128.0671162434832
2023-03-01,216.329,Nonalcoholic beverages,CUUR0000SAF114,11.31356063022917,128.30673238317232
2023-04-01,215.833,Nonalcoholic beverages,CUUR0000SAF114,9.4832046586655,128.01255019187084
2023-05-01,216.46,Nonalcoholic beverages,CUUR0000SAF114,8.683208981452673,128.38442969579427
2023-06-01,216.146,Nonalcoholic beverages,CUUR0000SAF114,7.601704534140463,128.19819338920422
2023-07-01,216.056,Nonalcoholic beverages,CUUR0000SAF114,5.421968928097454,128.14481355610516
2023-08-01,216.642,Nonalcoholic beverages,CUUR0000SAF114,4.813418935329206,128.4923755805057
2023-09-01,216.736,Nonalcoholic beverages,CUUR0000SAF114,4.033945817253226,128.54812785063135
2023-10-01,216.952,Nonalcoholic beverages,CUUR0000SAF114,3.2509839568629406,128.6762394500691
2023-11-01,215.604,Nonalcoholic beverages,CUUR0000SAF114,2.9101652928064548,127.87672817209658
2023-12-01,215.872,Nonalcoholic beverages,CUUR0000SAF114,2.6378349593959793,128.03568145288043
2024-01-01,220.573,Nonalcoholic beverages,CUUR0000SAF114,3.381155704704275,130.82388806842107
2024-02-01,220.956,Nonalcoholic beverages,CUUR0000SAF114,2.3299756860020837,131.0510489137204
2024-03-01,221.423,Nonalcoholic beverages,CUUR0000SAF114,2.354746705249866,131.3280309365788
2024-04-01,220.712,Nonalcoholic beverages,CUUR0000SAF114,2.26054403172824,130.90633025509626
2024-05-01,219.354,Nonalcoholic beverages,CUUR0000SAF114,1.3369675690658722,130.1008878845572
2024-06-01,219.373,Nonalcoholic beverages,CUUR0000SAF114,1.4929723427683061,130.11215696043368
2024-07-01,220.129,Nonalcoholic beverages,CUUR0000SAF114,1.8851594031177088,130.56054755846571
2024-08-01,219.381,Nonalcoholic beverages,CUUR0000SAF114,1.264297781593604,130.11690183448692
2024-09-01,219.488,Nonalcoholic beverages,CUUR0000SAF114,1.2697475269452196,130.18036452494914
2024-10-01,220.672,Nonalcoholic beverages,CUUR0000SAF114,1.7146649950219306,130.88260588483004
2024-11-01,221.735,Nonalcoholic beverages,CUUR0000SAF114,2.8436392645776465,131.51308102465555
2024-12-01,220.762,Nonalcoholic beverages,CUUR0000SAF114,2.265231248147037,130.9359857179291
2015-01-01,207.218,Other food at home,CUUR0000SAF115,1.2919467188072797,100
2015-02-01,208.954,Other food at home,CUUR0000SAF115,1.6540665713145941,100.83776505901999
2015-03-01,208.463,Other food at home,CUUR0000SAF115,1.5080393054351715,100.6008165313824
2015-04-01,208.648,Other food at home,CUUR0000SAF115,1.7343520681063485,100.69009448986093
2015-05-01,209.272,Other food at home,CUUR0000SAF115,1.6544742696705583,100.99122663089115
2015-06-01,209.787,Other food at home,CUUR0000SAF115,1.8403269966407176,101.23975716395294
2015-07-01,210.251,Other food at home,CUUR0000SAF115,1.3795264959737707,101.46367593548824
2015-08-01,209.892,Other food at home,CUUR0000SAF115,1.2645280815936744,101.290428437684
2015-09-01,210.659,Other food at home,CUUR0000SAF115,1.6267300892000014,101.66057002770029
2015-10-01,210.636,Other food at home,CUUR0000SAF115,2.02266782911944,101.6494706058354
2015-11-01,209.315,Other food at home,CUUR0000SAF115,1.5057465690315741,101.0119777239429
2015-12-01,208.915,Other food at home,CUUR0000SAF115,1.0075859034670787,100.81894430020559
2016-01-01,208.81,Other food at home,CUUR0000SAF115,0.7682730264745308,100.76827302647455
2016-02-01,209.385,Other food at home,CUUR0000SAF115,0.20626549384075155,101.04575857309693
2016-03-01,209.743,Other food at home,CUUR0000SAF115,0.6140178352993075,101.21852348734184
2016-04-01,211.009,Other food at home,CUUR0000SAF115,1.1315708753498743,101.82947427347045
2016-05-01,210.28,Other food at home,CUUR0000SAF115,0.4816697886004917,101.47767085870919
2016-06-01,210.392,Other food at home,CUUR0000SAF115,0.28838774566584124,101.53172021735564
2016-07-01,210.486,Other food at home,CUUR0000SAF115,0.11177116874592219,101.5770830719339
2016-08-01,209.761,Other food at home,CUUR0000SAF115,-0.06241305052121504,101.22720999141
2016-09-01,209.426,Other food at home,CUUR0000SAF115,-0.5853061108236579,101.06554449903001
2016-10-01,208.985,Other food at home,CUUR0000SAF115,-0.7838166315349615,100.85272514935961
2016-11-01,207.703,Other food at home,CUUR0000SAF115,-0.7701311420586165,100.2340530262815
2016-12-01,208.301,Other food at home,CUUR0000SAF115,-0.29389943278367303,100.52263799476879
2017-01-01,208.804,Other food at home,CUUR0000SAF115,-0.0028734256022233673,100.76537752511848
2017-02-01,208.914,Other food at home,CUUR0000SAF115,-0.22494448026363356,100.81846171664623
2017-03-01,210.002,Other food at home,CUUR0000SAF115,0.12348445478513881,101.34351262921176
2017-04-01,210.668,Other food at home,CUUR0000SAF115,-0.16160448132542804,101.66491327973439
2017-05-01,210.63,Other food at home,CUUR0000SAF115,0.1664447403461944,101.64657510447934
2017-06-01,210.119,Other food at home,CUUR0000SAF115,-0.1297577854671217,101.39997490565493
2017-07-01,210.624,Other food at home,CUUR0000SAF115,0.06556255522933707,101.64367960312327
2017-08-01,209.905,Other food at home,CUUR0000SAF115,0.0686495583068325,101.29670202395545
2017-09-01,210.159,Other food at home,CUUR0000SAF115,0.35000429746068207,101.41927824802865
2017-10-01,209.528,Other food at home,CUUR0000SAF115,0.2598272603296703,101.11476802208303
2017-11-01,209.624,Other food at home,CUUR0000SAF115,0.924878311820243,101.16109604377998
2017-12-01,209.401,Other food at home,CUUR0000SAF115,0.5280819583199481,101.05347991004643
2018-01-01,209.611,Other food at home,CUUR0000SAF115,0.38648684891093854,101.15482245750852
2018-02-01,210.115,Other food at home,CUUR0000SAF115,0.5748777008721451,101.39804457141754
2018-03-01,210.012,Other food at home,CUUR0000SAF115,0.004761859410851166,101.3483384648052
2018-04-01,210.632,Other food at home,CUUR0000SAF115,-0.01708849943987678,101.64754027159803
2018-05-01,210.159,Other food at home,CUUR0000SAF115,-0.22361486967668043,101.41927824802865
2018-06-01,210.259,Other food at home,CUUR0000SAF115,0.06662891028417217,101.46753660396297
2018-07-01,210.736,Other food at home,CUUR0000SAF115,0.05317532664843583,101.69772896176973
2018-08-01,210.158,Other food at home,CUUR0000SAF115,0.12053071627640133,101.4187956644693
2018-09-01,210.59,Other food at home,CUUR0000SAF115,0.2050828182471376,101.62727176210561
2018-10-01,210.224,Other food at home,CUUR0000SAF115,0.3321751746783175,101.45064617938596
2018-11-01,210.407,Other food at home,CUUR0000SAF115,0.37352593214519114,101.5389589707458
2018-12-01,209.739,Other food at home,CUUR0000SAF115,0.16141279172496859,101.21659315310447
2019-01-01,210.006,Other food at home,CUUR0000SAF115,0.18844430874334073,101.34544296344912
2019-02-01,211.168,Other food at home,CUUR0000SAF115,0.5011541298812539,101.90620505940603
2019-03-01,211.55,Other food at home,CUUR0000SAF115,0.7323391044321337,102.09055197907519
2019-04-01,211.078,Other food at home,CUUR0000SAF115,0.21174370466026105,101.86277253906515
2019-05-01,210.815,Other food at home,CUUR0000SAF115,0.3121446143158346,101.73585306295786
2019-06-01,212.056,Other food at home,CUUR0000SAF115,0.8546602047950547,102.33473926010291
2019-07-01,210.941,Other food at home,CUUR0000SAF115,0.09727811100144201,101.7966585914351
2019-08-01,210.841,Other food at home,CUUR0000SAF115,0.32499357626167846,101.7484002355008
2019-09-01,211.49,Other food at home,CUUR0000SAF115,0.4273707203571009,102.06159696551458
2019-10-01,211.492,Other food at home,CUUR0000SAF115,0.603166146586509,102.06256213263327
2019-11-01,211.25,Other food at home,CUUR0000SAF115,0.4006520695604143,101.94577691127219
2019-12-01,210.432,Other food at home,CUUR0000SAF115,0.3304106532404427,101.55102355972936
2020-01-01,210.763,Other food at home,CUUR0000SAF115,0.36046589145071195,101.710758717872
2020-02-01,213.215,Other food at home,CUUR0000SAF115,0.9693703591453273,102.89405360538177
2020-03-01,214.565,Other food at home,CUUR0000SAF115,1.4251949893642202,103.54554141049523
2020-04-01,219.233,Other food at home,CUUR0000SAF115,3.8635006964250262,105.79824146550976
2020-05-01,218.988,Other food at home,CUUR0000SAF115,3.8768588572919427,105.68000849347065
2020-06-01,219.311,Other food at home,CUUR0000SAF115,3.4212660806579365,105.83588298313855
2020-07-01,219.254,Other food at home,CUUR0000SAF115,3.9409123878240804,105.80837572025595
2020-08-01,219.607,Other food at home,CUUR0000SAF115,4.157635374523916,105.97872771670416
2020-09-01,218.358,Other food at home,CUUR0000SAF115,3.247434866896781,105.37598085108436
2020-10-01,218.758,Other food at home,CUUR0000SAF115,3.4355909443383403,105.56901427482168
2020-11-01,217.31,Other food at home,CUUR0000SAF115,2.8686390532544292,104.87023328089259
2020-12-01,218.534,Other food at home,CUUR0000SAF115,3.8501748783454914,105.46091555752878
2021-01-01,217.824,Other food at home,CUUR0000SAF115,3.3502085280623373,105.11828123039506
2021-02-01,219.11,Other food at home,CUUR0000SAF115,2.764814858241693,105.73888368771053
2021-03-01,219.263,Other food at home,CUUR0000SAF115,2.1895462913336328,105.81271897229006
2021-04-01,220.143,Other food at home,CUUR0000SAF115,0.4150834956416327,106.23739250451216
2021-05-01,219.664,Other food at home,CUUR0000SAF115,0.30869271375599805,106.00623497958671
2021-06-01,220.221,Other food at home,CUUR0000SAF115,0.41493586732994636,106.27503402214093
2021-07-01,222.116,Other food at home,CUUR0000SAF115,1.3053353644631338,107.18952986709651
2021-08-01,222.863,Other food at home,CUUR0000SAF115,1.4826485494542574,107.55001978592594
2021-09-01,225.141,Other food at home,CUUR0000SAF115,3.1063666089632624,108.64934513410996
2021-10-01,227.701,Other food at home,CUUR0000SAF115,4.0880790645370535,109.88475904602882
2021-11-01,229.643,Other food at home,CUUR0000SAF115,5.675302563158624,110.82193631827352
2021-12-01,230.809,Other food at home,CUUR0000SAF115,5.616974932962382,111.3846287484678
2022-01-01,233.956,Other food at home,CUUR0000SAF115,7.405979139121488,112.90331920972116
2022-02-01,237.143,Other food at home,CUUR0000SAF115,8.23011272876637,114.44131301334826
2022-03-01,241.804,Other food at home,CUUR0000SAF115,10.280348257571958,116.6906349834474
2022-04-01,244.282,Other food at home,CUUR0000SAF115,10.965145382773933,117.8864770435001
2022-05-01,247.3,Other food at home,CUUR0000SAF115,12.58103285017118,119.34291422559816
2022-06-01,252.015,Other food at home,CUUR0000SAF115,14.437315242415561,121.61829570790184
2022-07-01,257.295,Other food at home,CUUR0000SAF115,15.838120621657147,124.16633690123446
2022-08-01,259.976,Other food at home,CUUR0000SAF115,16.65283156019617,125.46014342383384
2022-09-01,260.58,Other food at home,CUUR0000SAF115,15.740802430476908,125.75162389367719
2022-10-01,262.814,Other food at home,CUUR0000SAF115,15.420661305835303,126.82971556525014
2022-11-01,261.583,Other food at home,CUUR0000SAF115,13.908545002460349,126.23565520369854
2022-12-01,262.985,Other food at home,CUUR0000SAF115,13.940530915172289,126.91223735389784
2023-01-01,264.746,Other food at home,CUUR0000SAF115,13.160594299782868,127.76206700190139
2023-02-01,266.612,Other food at home,CUUR0000SAF115,12.4266792610366,128.66256792363598
2023-03-01,268.567,Other food at home,CUUR0000SAF115,11.068055119022024,129.60601878215215
2023-04-01,269.657,Other food at home,CUUR0000SAF115,10.387584840471241,130.13203486183633
2023-05-01,269.999,Other food at home,CUUR0000SAF115,9.1787302871007,130.29707843913175
2023-06-01,269.995,Other food at home,CUUR0000SAF115,7.13449596254192,130.29514810489437
2023-07-01,271.276,Other food at home,CUUR0000SAF115,5.433840533240053,130.91333764441316
2023-08-01,271.648,Other food at home,CUUR0000SAF115,4.489645198018288,131.09285872848886
2023-09-01,271.561,Other food at home,CUUR0000SAF115,4.214060940977826,131.05087395882597
2023-10-01,272.215,Other food at home,CUUR0000SAF115,3.5770544948138028,131.36648360663648
2023-11-01,270.25,Other food at home,CUUR0000SAF115,3.313288707599482,130.4182069125269
2023-12-01,270.223,Other food at home,CUUR0000SAF115,2.7522482270851967,130.40517715642466
2024-01-01,271.6,Other food at home,CUUR0000SAF115,2.5888965272374387,131.06969471764037
2024-02-01,272.768,Other food at home,CUUR0000SAF115,2.3089733395345924,131.63335231495333
2024-03-01,272.352,Other food at home,CUUR0000SAF115,1.4093317496192581,131.43259755426652
2024-04-01,273.306,Other food at home,CUUR0000SAF115,1.3532005473620101,131.89298226988004
2024-05-01,272.796,Other food at home,CUUR0000SAF115,1.0359297627028141,131.64686465461494
2024-06-01,274.285,Other food at home,CUUR0000SAF115,1.5889183133021012,132.36543157447716
2024-07-01,273.643,Other food at home,CUUR0000SAF115,0.8725430926436406,132.0556129293787
2024-08-01,272.612,Other food at home,CUUR0000SAF115,0.3548710095417684,131.5580692796958
2024-09-01,272.658,Other food at home,CUUR0000SAF115,0.40396080438649395,131.58026812342558
2024-10-01,273.232,Other food at home,CUUR0000SAF115,0.3736017486178467,131.85727108648865
2024-11-01,272.027,Other food at home,CUUR0000SAF115,0.657539315448652,131.27575789747993
2024-12-01,272.362,Other food at home,CUUR0000SAF115,0.7915684453210892,131.43742338985996
