page_number,source_url,retrieved_at
1,https://www.scrapethissite.com/pages/forms/?page_num=1,2026-10-04 22:06:55 EDT
2,https://www.scrapethissite.com/pages/forms/?page_num=2,2026-10-04 22:06:57 EDT
3,https://www.scrapethissite.com/pages/forms/?page_num=3,2026-10-04 22:06:58 EDT
4,https://www.scrapethissite.com/pages/forms/?page_num=4,2026-10-04 22:06:59 EDT
5,https://www.scrapethissite.com/pages/forms/?page_num=5,2026-10-04 22:07:00 EDT
6,https://www.scrapethissite.com/pages/forms/?page_num=6,2026-10-04 22:07:01 EDT
7,https://www.scrapethissite.com/pages/forms/?page_num=7,2026-10-04 22:07:03 EDT
8,https://www.scrapethissite.com/pages/forms/?page_num=8,2026-10-04 22:07:04 EDT
9,https://www.scrapethissite.com/pages/forms/?page_num=9,2026-10-04 22:07:05 EDT
10,https://www.scrapethissite.com/pages/forms/?page_num=10,2026-10-04 22:07:06 EDT
11,https://www.scrapethissite.com/pages/forms/?page_num=11,2026-10-04 22:07:07 EDT
12,https://www.scrapethissite.com/pages/forms/?page_num=12,2026-10-04 22:07:09 EDT
13,https://www.scrapethissite.com/pages/forms/?page_num=13,2026-10-04 22:07:10 EDT
14,https://www.scrapethissite.com/pages/forms/?page_num=14,2026-10-04 22:07:11 EDT
15,https://www.scrapethissite.com/pages/forms/?page_num=15,2026-10-04 22:07:12 EDT
16,https://www.scrapethissite.com/pages/forms/?page_num=16,2026-10-04 22:07:14 EDT
17,https://www.scrapethissite.com/pages/forms/?page_num=17,2026-10-04 22:07:15 EDT
18,https://www.scrapethissite.com/pages/forms/?page_num=18,2026-10-04 22:07:16 EDT
19,https://www.scrapethissite.com/pages/forms/?page_num=19,2026-10-04 22:07:17 EDT
20,https://www.scrapethissite.com/pages/forms/?page_num=20,2026-10-04 22:07:18 EDT
21,https://www.scrapethissite.com/pages/forms/?page_num=21,2026-10-04 22:07:20 EDT
22,https://www.scrapethissite.com/pages/forms/?page_num=22,2026-10-04 22:07:21 EDT
23,https://www.scrapethissite.com/pages/forms/?page_num=23,2026-10-04 22:07:22 EDT
24,https://www.scrapethissite.com/pages/forms/?page_num=24,2026-10-04 22:07:23 EDT
